Diagnostics/StepsInEval,Diagnostics/TrajsInEval,Diagnostics/CumEvalTime,Diagnostics/CumTrainTime,Diagnostics/Iteration,Diagnostics/CumTime (s),Diagnostics/CumSteps,Diagnostics/CumCompletedTrajs,Diagnostics/CumUpdates,Diagnostics/StepsPerSecond,Diagnostics/UpdatesPerSecond,Diagnostics/ReplayRatio,Diagnostics/CumReplayRatio,LengthAverage,LengthStd,LengthMedian,LengthMin,LengthMax,ReturnAverage,ReturnStd,ReturnMedian,ReturnMin,ReturnMax,NonzeroRewardsAverage,NonzeroRewardsStd,NonzeroRewardsMedian,NonzeroRewardsMin,NonzeroRewardsMax,DiscountedReturnAverage,DiscountedReturnStd,DiscountedReturnMedian,DiscountedReturnMin,DiscountedReturnMax,GameScoreAverage,GameScoreStd,GameScoreMedian,GameScoreMin,GameScoreMax,lossAverage,lossStd,lossMedian,lossMin,lossMax,gradNormAverage,gradNormStd,gradNormMedian,gradNormMin,gradNormMax,tdAbsErrAverage,tdAbsErrStd,tdAbsErrMedian,tdAbsErrMin,tdAbsErrMax,priorityAverage,priorityStd,priorityMedian,priorityMin,priorityMax
18024,100,13.013911008834839,0.007525205612182617,0,13.021436214447021,960,0,0,nan,nan,0.0,0.0,180.24,59.486153010595665,166.0,112,362,1.56,1.3734627770711516,1.0,0.0,5.0,1.56,1.3734627770711516,1.0,0,5,1.136840588328183,0.9511387944297119,0.9057550994568682,0.0,3.199658438703069,1.56,1.3734627770711516,1.0,0.0,5.0,nan,nan,nan,nan,nan,nan,nan,nan,nan,nan,nan,nan,nan,nan,nan,nan,nan,nan,nan,nan
14085,101,23.017627239227295,511.1479380130768,1040,534.1655652523041,999360,4371,937,1955.1574772007648,1.8331557758336503,3.600384245917387,3.600384245917387,139.45544554455446,46.98862823298134,118.0,113,340,0.6336633663366337,1.1144662823964524,0.0,0.0,5.0,0.6336633663366337,1.1144662823964524,0.0,0,5,0.43870551603876246,0.7483075245440206,0.0,0.0,3.2819588365089523,0.6336633663366337,1.1144662823964524,0.0,0.0,5.0,0.001038248700869313,0.0006275774895920333,0.0010696199024096131,5.901024997001514e-05,0.0066101145930588245,0.007785660444241132,0.009209203202270469,0.004165231962915578,0.00020074308465771598,0.06337824693798183,0.025102787,0.07223964,0.0009576642,0.0,1.2306854,0.18695493,0.16168714,0.19093487,2.9157032e-05,1.1340208
17398,100,35.19467902183533,1034.9472210407257,2081,1070.141900062561,1998720,8912,1978,1907.9063915924612,1.987402491242147,4.0,3.8001921229586935,173.98,59.03354639524886,188.0,113,293,1.42,1.4295453822806747,2.0,0.0,4.0,1.42,1.4295453822806747,2.0,0,4,0.9691343213628194,0.9738474998134119,1.369974437705114,0.0,2.7525477477435913,1.42,1.4295453822806747,2.0,0.0,4.0,9.08314753130397e-05,7.533403231488687e-05,6.967371155042201e-05,7.735210601822473e-06,0.0008520486881025136,0.002293556258298406,0.0015020049123331183,0.0019618237928397406,0.00027782652620885276,0.013189193277391995,0.0070048943,0.030300293,0.0007132433,0.0,1.1467783,0.097704105,0.11257474,0.0501509,2.2584572e-06,1.0500013
19891,101,49.053019762039185,1561.052817583084,3122,1610.1058373451233,2998080,13916,3019,1899.5426138173355,1.9786902227263912,4.0,3.866794748639129,196.94059405940595,59.92847581499532,193.0,113,348,2.00990099009901,1.5122931869403984,2.0,0.0,6.0,2.00990099009901,1.5122931869403984,2.0,0,6,1.4378266039207015,0.9153651577418523,1.409093188231441,0.0,3.540959050169712,2.00990099009901,1.5122931869403984,2.0,0.0,6.0,8.167254043910815e-05,0.0001581449499968097,4.494915992836468e-05,8.877038453647401e-06,0.001719348831102252,0.003774473046080666,0.006501915497644008,0.002595411197720566,0.00023135670640845568,0.15680962205123727,0.005657828,0.025383355,0.0,0.0,0.8337631,0.07090744,0.10330018,0.019569568,2.1268846e-05,1.0078241
12204,101,57.84190773963928,2084.2069368362427,4163,2142.048844575882,3997440,18360,4060,1910.2592586419098,1.989853394418656,4.0,3.900096061479347,120.83168316831683,20.248001640514335,117.0,113,244,0.1188118811881188,0.5501958015623685,0.0,0.0,3.0,0.1188118811881188,0.5501958015623685,0.0,0,3,0.08114456192621179,0.37539543224764604,0.0,0.0,2.133756599087079,0.1188118811881188,0.5501958015623685,0.0,0.0,3.0,5.315422554430633e-05,5.498023849833778e-05,3.909761653630994e-05,3.671635568025522e-06,0.0006927884533070028,0.002452828332650071,0.0022580232818496166,0.0017907245222456316,0.00022455406302141889,0.020061151827670615,0.004468902,0.026444282,0.0,0.0,0.8018806,0.057531163,0.10147662,0.018002547,2.9417567e-06,0.94216394
29681,100,77.56574535369873,2602.491196870804,5204,2680.0569422245026,4996800,22238,5101,1928.2082769277208,2.0085502884663757,4.0,3.920076849183477,296.81,93.15446258768283,289.0,114,424,5.8,4.777028364998475,4.0,0.0,14.0,4.33,2.4861818115335006,4.0,0,8,3.3280686481121915,2.0292300381945343,2.850208993880239,0.0,6.72128220640465,5.8,4.777028364998475,4.0,0.0,14.0,5.328156466982943e-05,0.00010821278164719669,2.6417794288136065e-05,2.124675802406273e-06,0.0013296381803229451,0.0023069024092323377,0.00979649127962394,0.0012095710401112548,0.00010479622610453359,0.304710685167327,0.0049506994,0.029105343,0.00022189668,0.0,1.2252337,0.056225408,0.10914877,0.015814487,1.1030352e-06,1.115688
15162,101,88.25511956214905,3127.0807065963745,6245,3215.3358261585236,5996160,26745,6142,1905.0323757385022,1.9844087247276063,4.0,3.9333973743195645,150.11881188118812,39.44071553804178,143.0,113,256,0.9405940594059405,1.0130024207864288,1.0,0.0,4.0,0.9405940594059405,1.0130024207864288,1.0,0,4,0.7006642869106837,0.7298387413516627,0.7382628067611632,0.0,2.5969895579910327,0.9405940594059405,1.0130024207864288,1.0,0.0,4.0,6.879783913396744e-05,5.63861662972381e-05,5.608191349892877e-05,5.744624104409013e-06,0.0010216966038569808,0.0027403405512764364,0.0031489870016658066,0.0019951679783009745,0.00021177669765870067,0.05813535885927109,0.0066550453,0.028632866,0.00034819244,0.0,1.1501393,0.08067643,0.109567635,0.028556745,4.4216868e-06,1.1034038
20203,100,102.21162438392639,3655.287264108658,7286,3757.4988884925842,6995520,31581,7183,1891.9871133496106,1.9708199097391776,4.0,3.942912035131055,202.03,48.78226214516912,193.5,120,275,2.18,1.3666016244685208,2.0,0.0,4.0,2.18,1.3666016244685208,2.0,0,4,1.5987238749491215,0.8469494242139188,1.5594092025049056,0.0,2.6237901335882206,2.18,1.3666016244685208,2.0,0.0,4.0,5.231930225749339e-05,6.104156911009399e-05,4.0265480492962524e-05,6.6291240727878176e-06,0.0013055222807452083,0.002374228986788941,0.0026816758521147344,0.0016819017453894186,0.00024013056683049776,0.03595167253467189,0.005251092,0.022481035,8.6633314e-05,0.0,0.81150997,0.059763122,0.088818744,0.018506726,5.9129666e-06,0.8331127
27941,100,120.97915863990784,4182.713714838028,8327,4303.692873477936,7994880,35711,8224,1894.7855167635223,1.9737349132953357,4.0,3.9500480307396733,279.41,63.27259991497109,253.5,191,499,4.56,1.9043108989868225,4.0,2.0,12.0,4.41,1.536847422485394,4.0,2,9,2.969013965990424,0.9048923007238493,2.7952475869391655,1.5247142163498832,5.620651573667414,4.56,1.9043108989868225,4.0,2.0,12.0,0.0001620252578976517,0.00015595228553594428,0.00013517776096705347,7.771684977342375e-06,0.0022192641627043486,0.004562041031556883,0.006217321262683478,0.0031880631978716085,0.00028830003027467205,0.15336843168834005,0.009287148,0.03503278,5.845446e-05,0.0,1.8347453,0.0991529,0.11857137,0.043992333,2.306886e-06,1.7044473
48328,100,152.6448483467102,4709.277106285095,9368,4861.921954631805,8994240,38313,9265,1897.8911489718719,1.9769699468456998,4.0,3.955598249546376,483.28,98.47741670048012,560.0,330,603,11.73,3.1932898396481333,13.0,7.0,17.0,8.82,1.5516442891333053,10.0,6,12,5.578402886020147,0.6956832027870846,5.51076524834455,4.352861254068741,7.164955501274992,11.73,3.1932898396481333,13.0,7.0,17.0,0.00036780679883499054,0.0002073853499165109,0.000334362470312044,2.7173004127689637e-05,0.0022282481659203768,0.007209558256498811,0.005589489548563838,0.00585839914320377,0.0005117090288376646,0.05345119721094355,0.0138724325,0.044564746,0.0018777482,0.0,1.7069753,0.13978252,0.1392994,0.09598997,2.7683564e-06,1.6134181
39306,100,179.05160403251648,5237.626735687256,10409,5416.678339719772,9993600,40698,10306,1891.47478182354,1.9702862310661875,4.0,3.9600384245917386,393.06,93.56931334577592,379.0,263,622,9.05,4.932291556670186,8.0,5.0,24.0,7.82,2.5431476559570823,8.0,5,13,4.779035093619103,1.7469621185962547,4.254245485967264,3.0893886503487638,10.44218664577456,9.05,4.932291556670186,8.0,5.0,24.0,0.0005273613141307875,0.0003491622016839324,0.00042973848758265376,4.292461017030291e-05,0.002401190809905529,0.007789156931697617,0.005363419221629416,0.006412975776096252,0.0006788387466353916,0.05049059129411388,0.01752942,0.047275227,0.0033976883,0.0,1.393223,0.1620603,0.13035919,0.140791,1.8148217e-05,1.7858881
61852,100,219.36841988563538,5769.593427658081,11450,5988.961847543716,10992960,42509,11347,1878.6138588819922,1.9568894363354086,4.0,3.9636712950833988,618.52,156.23696617638223,594.0,365,1061,16.8,7.159608927867499,15.0,7.0,37.0,14.46,4.68277695390246,13.0,7,28,6.516185293908629,1.2979733722354962,6.401636252263177,4.096963630205143,9.204285722014104,16.8,7.159608927867499,15.0,7.0,37.0,0.0012486874759052974,0.0007848366009951784,0.001106424373574555,0.0001054993481375277,0.010954857803881168,0.01394721897537441,0.010054562495395535,0.01165069191265567,0.0007687349646492734,0.1334104655298247,0.026889147,0.06586609,0.0062747,0.0,2.153306,0.2071511,0.15005188,0.19511627,3.181398e-05,2.719476
78747,100,270.1804025173187,6303.821795225143,12491,6574.002197742462,11992320,43818,12388,1870.6606774761901,1.9486048723710314,4.0,3.9666986871597825,787.47,211.0327204487494,777.0,436,1467,26.67,10.032003787878072,26.0,10.0,57.0,19.74,5.634926796330189,20.0,10,36,8.35008229515823,1.4449017292563764,8.344430062017704,5.366932496359512,11.389376860973282,26.67,10.032003787878072,26.0,10.0,57.0,0.0018210412607486668,0.0007269001937831022,0.0017912131734192371,0.00018436621758155525,0.004991161171346903,0.0164757065016426,0.008758961716671133,0.015054567832684478,0.0018475723127660824,0.06454245868925192,0.03176211,0.07028241,0.008948657,0.0,1.5242583,0.24880642,0.1648322,0.21513279,6.132759e-06,1.669251
90711,100,329.4315016269684,6838.336993217468,13532,7167.768494844437,12991680,45042,13429,1869.6568474641388,1.9475592161084778,4.0,3.96926032660903,907.11,154.56040210869017,868.0,514,1421,30.71,9.397121899815922,28.0,12.0,78.0,23.24,4.142752708043289,23.0,12,39,8.928949529834396,1.1446292453635745,8.920844367777518,5.932962744927335,13.302787962637552,30.71,9.397121899815922,28.0,12.0,78.0,0.0027183934771624688,0.0009660364197447347,0.0027041679713875055,0.000233756480156444,0.006890424992889166,0.0211667456263307,0.010838171947751399,0.018668656652767655,0.002288286044205985,0.09568499069243434,0.043655396,0.08064057,0.015871882,0.0,1.1748446,0.28337446,0.16968367,0.26063663,1.9016676e-05,1.3474181
101221,100,395.2657160758972,7375.158349990845,14573,7770.424066066742,13991040,45977,14470,1861.6248913917336,1.9391925951997224,4.0,3.9714560175655276,1012.21,241.21924861005598,1061.0,666,1485,43.78,11.153098224260377,41.0,20.0,64.0,26.29,6.133995435277076,28.0,16,38,10.923362705563328,1.1377509886910226,11.11901508369115,7.650070212692577,13.059550564517794,43.78,11.153098224260377,41.0,20.0,64.0,0.002822521478054561,0.000990779984526028,0.0027986278291791677,0.00023211810912471265,0.005969695746898651,0.021664022995222954,0.011081590123837698,0.019807505450032677,0.0019819955491013046,0.15715798709001783,0.048185665,0.086853206,0.018514141,0.0,1.242962,0.30762383,0.18565573,0.2935779,1.861155e-05,1.4253402
130872,100,479.49510502815247,7912.183584928513,15614,8391.678689956665,14990400,46849,15511,1860.9181375173087,1.9384563932471965,4.0,3.973358949727826,1308.72,162.78857945199962,1261.5,767,1729,55.04,10.486105091977668,52.0,32.0,99.0,35.3,4.196427051671457,34.5,20,48,10.266131582082414,1.0542937952549998,9.73739134828513,8.739088277830396,13.73266391571894,55.04,10.486105091977668,52.0,32.0,99.0,0.0037294965713831982,0.0013934386704812399,0.003569875145331025,0.0002586513292044401,0.010408982634544373,0.026391598912551988,0.013846567795978006,0.02320751375966708,0.0020325414057551137,0.13022804569759028,0.0600905,0.09939517,0.025465429,0.0,1.2296072,0.34461284,0.19797046,0.33482176,5.4558735e-05,1.2895279
139398,100,569.4307720661163,8448.600790262222,16655,9018.031562328339,15989760,47619,16552,1863.0274906605384,1.9406536361047275,4.0,3.975024015369837,1393.98,218.7032683797844,1440.0,911,1642,75.29,12.936224333243452,73.0,49.0,90.0,38.51,6.032404164178657,39.5,26,45,11.14718729676562,1.100860188311139,10.986930091612656,9.576896792722039,13.173581113840834,75.29,12.936224333243452,73.0,49.0,90.0,0.003947922692257968,0.0011490869296801596,0.003853896167129278,0.0006836342508904636,0.00952640175819397,0.027562522478317936,0.01175575732363038,0.025662295429282653,0.004384690554870855,0.09923358955111557,0.066471584,0.106118344,0.03031461,0.0,1.982152,0.3678674,0.20907784,0.36449373,4.9322844e-06,3.0004585
127534,100,652.4592864513397,8986.247420787811,17696,9638.706707239151,16989120,48343,17593,1858.767345055343,1.936215984432649,4.0,3.976493190936317,1275.34,266.4573969699471,1329.0,668,1781,67.84,19.73155847874161,68.0,28.0,99.0,36.64,8.423206040457517,38.0,19,48,11.085404507104329,1.1380102620802572,11.183675825263,8.413274156001137,13.049222326088877,67.84,19.73155847874161,68.0,28.0,99.0,0.00420414103380374,0.001491587694407854,0.004042017739266157,0.00037342641735449433,0.014724532142281532,0.02957714665739785,0.013806223077534048,0.026869522414035264,0.002061104030505959,0.11620814988243992,0.0711892,0.1127586,0.032655932,0.0,2.7098703,0.38854584,0.22640498,0.38308477,2.14912e-05,2.598069
130043,100,736.3613486289978,9523.40061545372,18737,10259.761964082718,17988480,49082,18634,1860.4748327366242,1.9379946174339835,4.0,3.9777991247731883,1300.43,215.50012784218944,1224.5,1018,1744,76.81,37.67510982067604,65.0,46.0,240.0,37.93,8.107101824943362,34.0,27,60,11.733239644428046,1.7779252544463144,11.743587974954583,9.423958892025672,16.909922338209565,76.81,37.67510982067604,65.0,46.0,240.0,0.0051229627891649435,0.0015369062809341746,0.004986450541764498,0.0008169171051122248,0.010797549039125443,0.0336391269214654,0.013758630870902743,0.03101606919339363,0.003377908716196002,0.12285516506207417,0.0808593,0.12490242,0.036696956,0.0,3.4103909,0.4188329,0.24254353,0.4132022,4.7923997e-05,3.1190126
130625,100,820.8503358364105,10060.372388601303,19778,10881.222724437714,18987840,49791,19675,1861.1034135780035,1.9386493891437535,4.0,3.9789675918903886,1306.25,252.34783038496684,1212.0,936,1700,69.37,31.78007394579188,67.0,25.0,194.0,36.79,9.400313824548626,36.0,22,56,10.513202337574771,2.186893428368684,10.493585507361058,7.267877555583198,16.376674501830916,69.37,31.78007394579188,67.0,25.0,194.0,0.005410540410483884,0.0017878292899794878,0.005219019949436188,0.0007843801868148148,0.014712943695485592,0.031146664725154267,0.012183521671802162,0.029420238672111517,0.004321770710642689,0.09331448898016491,0.0849735,0.13590941,0.036415473,0.0,3.6977844,0.44540155,0.27889013,0.42918718,3.0025838e-06,3.366994
142208,100,909.8695483207703,10601.287323951721,20819,11511.156872272491,19987200,50515,20716,1847.5363401688842,1.9245170210092544,4.0,3.9800192122958693,1422.08,249.42532670119928,1432.0,729,1855,139.01,89.26415798068113,101.0,33.0,356.0,49.34,15.713191909984426,45.0,21,88,13.2795294218336,1.9245482920965862,13.161428206478854,9.46120891337705,19.042903874618364,139.01,89.26415798068113,101.0,33.0,356.0,0.00717462993300306,0.002845163696588651,0.006709942128509283,0.00085678999312222,0.026265451684594154,0.043183044800113285,0.025543176053195404,0.037179262989434435,0.004390901977891661,0.28708529491231566,0.1011378,0.15957314,0.04538168,0.0,3.6604755,0.5007007,0.33842084,0.4647413,7.756241e-05,3.7680728
135055,100,993.4062724113464,11157.551285982132,21860,12150.957558393478,20986560,51199,21757,1796.557153104528,1.87141370115055,4.0,3.9809706783770182,1350.55,191.90030614879174,1328.0,798,2037,167.73,94.41089502806336,144.0,29.0,317.0,51.75,13.745090032444313,51.5,23,77,15.133232982278683,4.884499653104359,13.281531907712708,10.315750988995863,30.742124256704145,167.73,94.41089502806336,144.0,29.0,317.0,0.007643689840940775,0.002729704164525038,0.007123502902686596,0.001272027031518519,0.02182934433221817,0.048433055536761194,0.02630383384195896,0.0421741818222031,0.007235518211079179,0.33199864681120655,0.10561024,0.16921735,0.04733494,0.0,4.6226153,0.52874273,0.3864157,0.47778577,8.460693e-05,4.217888
117317,100,1068.8538663387299,11714.500231027603,22901,12783.354097366333,21985920,51872,22798,1794.3475948561297,1.8691120779751351,4.0,3.9818356475416996,1173.17,266.5650035169658,1013.0,650,1673,99.65,83.08638576806672,56.0,25.0,283.0,38.24,16.001949881186356,29.0,18,76,12.80683907435508,2.8419939495711826,12.902778146540621,7.837468599183846,18.143540768997475,99.65,83.08638576806672,56.0,25.0,283.0,0.009577316696792269,0.003910833461901426,0.008770253509283066,0.0015590322436764836,0.029210442677140236,0.06499263982441897,0.03691172402811398,0.05530719258513165,0.009257062615460315,0.2815407943788417,0.12122714,0.19637655,0.05334747,0.0,4.4256344,0.59186405,0.453793,0.5053154,4.6923753e-05,4.499409
133285,100,1152.9546251296997,12271.330280542374,23942,13424.284905672073,22985280,52565,23839,1794.730727752312,1.8695111747419917,4.0,3.9826254019964082,1332.85,386.95235817862647,1338.0,762,2079,156.1,117.52535896562921,114.0,20.0,363.0,50.08,22.111390729666915,48.0,20,90,14.092569325401282,4.585233096651574,14.025580134438766,7.619132210885291,23.69198225925632,156.1,117.52535896562921,114.0,20.0,363.0,0.010306849216865187,0.0035931812106770916,0.009690437465906143,0.001568682724609971,0.02516014315187931,0.0768663219998482,0.03722880755109378,0.06835197228922418,0.007804423906041573,0.3350403810793147,0.12712547,0.20265199,0.05794525,0.0,4.5677414,0.61722285,0.49157503,0.5024769,6.77444e-06,4.2435255
155398,93,1255.2829599380493,12823.550151586533,24983,14078.833111524582,23984640,53253,24880,1809.7139425829987,1.8851186901906236,4.0,3.9833493435798912,1670.9462365591398,1036.1365622369071,1443.0,1119,11325,194.95698924731184,119.58313920588144,138.0,45.0,375.0,60.89247311827957,19.929155367667548,51.0,30,93,13.081547794395316,2.669955273120999,13.148754774471959,9.099277169177588,18.42894352860729,194.95698924731184,119.58313920588144,138.0,45.0,375.0,0.010870640103143392,0.003866867207157011,0.010325230658054352,0.0010278128320351243,0.03040659986436367,0.07830899786094848,0.036685873619003884,0.07134717671895185,0.00884081400463634,0.3660086704111597,0.13099535,0.20864053,0.06016755,0.0,4.293162,0.641803,0.5167905,0.50902677,0.00022877751,4.5842056
100689,17,1351.2684018611908,13376.144753932953,26024,14727.413155794144,24984000,53887,25921,1808.4867202041607,1.8838403335460008,4.0,3.9840153698366954,5922.882352941177,8534.307752225051,1725.0,1225,27001,270.70588235294116,90.14221750746222,280.0,79.0,391.0,71.47058823529412,14.512135477749906,71.0,43,97,16.874073838139406,4.581235380338536,14.434470506717787,11.013534241606022,24.735860803796,270.70588235294116,90.14221750746222,280.0,79.0,391.0,0.014116240175499953,0.004878911780921759,0.013429789803922176,0.003934764768928289,0.0343010351061821,0.09912331680553225,0.04651605869758789,0.09071385698374021,0.026936669829525316,0.37516024105064827,0.15029664,0.23548627,0.06998035,0.0,4.6512594,0.7264719,0.56413645,0.56607056,0.00013053045,4.4392037
114729,37,1447.4772400856018,13929.285801172256,27065,15376.763041257858,25983360,54502,26962,1806.70012646458,1.881979298400604,4.0,3.984630163304515,3100.7837837837837,4979.415743080682,1607.0,1043,27001,241.56756756756758,142.07279073438465,332.0,59.0,410.0,67.48648648648648,24.132093267950474,79.0,32,101,16.674185596664948,4.379807245277443,14.578532702853092,11.262542754700673,28.022303584220676,241.56756756756758,142.07279073438465,332.0,59.0,410.0,0.014925807684715426,0.005055079383044928,0.01409097295254469,0.002628411166369915,0.037063587456941605,0.10251977644010024,0.0423883627622257,0.09442643150153184,0.01222997772004756,0.3508754003142326,0.15652312,0.24285483,0.07607771,0.0,4.8919835,0.7664142,0.59316576,0.6003799,0.00015085563,4.509108
157750,86,1544.0801377296448,14495.244261264801,28106,16039.324398994446,26982720,55091,28003,1765.7833047262627,1.839357609089857,4.0,3.9851994165154587,1834.3023255813953,846.6571210899169,1754.0,1239,9387,278.7674418604651,82.17546094685454,311.0,89.0,409.0,74.55813953488372,13.015737032229788,80.5,41,100,15.783149108466372,2.0182567960869844,16.275968703296797,11.590285566202862,19.118671378241736,278.7674418604651,82.17546094685454,311.0,89.0,409.0,0.017068450194206466,0.006265944526690388,0.016145512461662292,0.001942863455042243,0.05619697645306587,0.11735191258461937,0.05401703375735152,0.10630359471803856,0.014000943381854052,0.5663828585043928,0.17120098,0.26046643,0.08430913,0.0,4.5232787,0.8114652,0.60703987,0.64036936,9.923055e-05,4.8803287
152669,68,1643.6813204288483,15071.342703580856,29147,16715.024024009705,27982080,55665,29044,1734.7035273734307,1.8069828410139903,4.0,3.985728008782764,2245.1323529411766,3617.7794615596317,1409.0,649,27001,189.13235294117646,121.19465436810668,130.0,23.0,422.0,58.98529411764706,22.986244382148374,50.0,16,101,12.172405051634438,4.0851179633342225,11.73748076096884,7.477270144050355,32.01176869838375,189.13235294117646,121.19465436810668,130.0,23.0,422.0,0.016814542934522177,0.005384662838848148,0.01616772636771202,0.0038865606766194105,0.04302036017179489,0.11232901864634008,0.04623633957477355,0.10454532763159417,0.02076430290191837,0.4156990867104201,0.17060727,0.24895272,0.088187486,0.0,4.7957873,0.8167153,0.5892162,0.65803456,0.0006789863,4.5254116
149240,52,1743.7771270275116,15647.946218013763,30188,17391.723345041275,28981440,56259,30085,1733.184025045141,1.8054000260886887,4.0,3.9862201464109446,2870.0,5031.511154712866,1639.0,1093,27001,197.30769230769232,112.52444836252228,179.0,47.0,420.0,60.34615384615385,19.8977043664151,59.0,31,102,13.934356538500872,3.451976660771744,13.174020902898748,7.8403391559252595,28.82216766946118,197.30769230769232,112.52444836252228,179.0,47.0,420.0,0.016991218291876137,0.0058323350346613885,0.016097217798233032,0.0036007396411150694,0.0614507719874382,0.11494765524743732,0.04887312520014488,0.10581872578443094,0.02688267072255801,0.5030004332650407,0.17195857,0.25209036,0.09049681,0.0,4.743766,0.813828,0.59905654,0.6523166,0.00020012632,5.199613
133578,49,1837.4917995929718,16204.913017511368,31229,18042.40481710434,29980800,56811,31126,1794.290074204501,1.8690521606296886,4.0,3.9866794748639127,2726.081632653061,4129.798689745774,1561.0,1049,27001,210.73469387755102,145.56053169788711,143.0,37.0,415.0,60.673469387755105,25.36298745931377,56.0,28,100,18.332512095775854,10.964599067779513,12.223977264059497,8.24263321987099,40.4973174758886,210.73469387755102,145.56053169788711,143.0,37.0,415.0,0.018539677751156627,0.005809347103515345,0.017741762101650238,0.0036282551009207964,0.04901326075196266,0.12762612339034032,0.05607724058445406,0.11631611767228527,0.016382429569836363,0.5661495566576238,0.18011889,0.26690394,0.09354019,0.0,5.5245004,0.8477305,0.6306739,0.6771958,0.000454586,5.340142
150053,46,1936.6195919513702,16748.726967811584,32270,18685.346559762955,30980160,57342,32167,1837.687318334323,1.9142576232649198,4.0,3.9871091692231415,3262.021739130435,5474.36642944873,1692.0,1340,27001,282.5869565217391,98.42621957300246,320.0,106.0,401.0,75.26086956521739,16.57451524979224,80.0,46,98,16.86037963266144,4.257405350601912,15.783935438994359,11.11193562773528,23.72726394492469,282.5869565217391,98.42621957300246,320.0,106.0,401.0,0.018507569465575083,0.005763756909707534,0.01792973466217518,0.005068724974989891,0.0602622926235199,0.12326927685397647,0.04993248957412414,0.11322398267344051,0.027160690738931653,0.5651591440354893,0.18153317,0.26774827,0.09753457,0.0,5.551148,0.8611245,0.6367113,0.68847954,0.00014252216,5.605389
158952,93,2038.6034750938416,17287.993934869766,33311,19326.597409963608,31979520,57923,33208,1853.1823031025347,1.9303982323984736,4.0,3.987512007684918,1709.1612903225807,318.6135722062605,1788.0,840,2971,284.5268817204301,73.00737794471429,268.0,24.0,415.0,74.10752688172043,14.345552954926859,79.0,21,100,15.559438656289066,3.695840679763301,15.522560307427336,6.931722941709453,22.35956451976741,284.5268817204301,73.00737794471429,268.0,24.0,415.0,0.0213127314877105,0.006564072177813099,0.020558051764965057,0.00602524122223258,0.05624650791287422,0.13328144096045766,0.049282540427216213,0.12611343908343187,0.027388331214231527,0.4062232938250744,0.1973841,0.2841837,0.10687661,0.0,5.683048,0.91966546,0.6662794,0.751495,0.00033665448,5.182926
139683,78,2139.1930005550385,17826.060770511627,34352,19965.253771066666,32978880,58487,34249,1857.315734406603,1.9347038900068783,4.0,3.987890431694466,1790.8076923076924,1505.0281201708265,1636.5,433,11432,218.80769230769232,168.58194824524284,264.0,9.0,430.0,62.34615384615385,32.16337578080629,69.0,9,107,13.092332401947392,5.169770503790439,12.717792226838368,5.595809718922273,22.755361046952213,218.80769230769232,168.58194824524284,264.0,9.0,430.0,0.021925506542555765,0.0061316514381340274,0.02128358744084835,0.004357927944511175,0.052360184490680695,0.13602560613674936,0.04933291538173299,0.12736024643699148,0.02506742532512266,0.40785443334773147,0.19865973,0.28790238,0.10645038,0.0,5.1196017,0.95376724,0.6823253,0.78856194,5.3312626e-05,5.4703608
138266,72,2234.087369441986,18362.473486423492,35393,20596.56085586548,33978240,58992,35290,1863.0430829760546,1.940669878100057,4.0,3.9882465954681585,1920.361111111111,3518.061446566985,1509.0,117,27001,189.375,167.52474423366704,196.0,0.0,424.0,50.5,37.878827272706786,67.0,0,104,13.606411353167282,10.614665213265393,10.358118845259039,0.0,33.86854644847935,189.375,167.52474423366704,196.0,0.0,424.0,0.023472383342134005,0.007280505546118206,0.02250889129936695,0.0034343635197728872,0.06043512746691704,0.14362454030902938,0.059154764328699656,0.13071767057698935,0.020650220823231716,0.4110836580205441,0.20653352,0.29641545,0.11220986,0.0,5.5783987,0.97265714,0.6894068,0.82179004,6.8724155e-05,5.4671173
125413,36,2321.4089212417603,18899.0175447464,36434,21220.42646598816,34977600,59458,36331,1862.5870224408645,1.9401948150425672,4.0,3.988582407026211,3483.6944444444443,5728.687040866464,2091.0,1211,27001,368.4166666666667,87.51868848042304,402.0,45.0,430.0,92.16666666666667,16.86465732431782,99.0,30,106,23.437782191880917,10.502316413455231,20.6604101316999,9.805913151002677,46.62827828807574,368.4166666666667,87.51868848042304,402.0,45.0,430.0,0.02373363392688799,0.007059653186118291,0.022711023688316345,0.003080178052186966,0.05932699516415596,0.14463177296957502,0.05451079164776736,0.13514280338339768,0.0217681956227833,0.4089987752713556,0.20607047,0.29293704,0.11496496,0.0,6.040417,0.96969765,0.6893416,0.8109756,8.3539635e-05,6.187125
135049,62,2419.50420999527,19436.56292796135,37475,21856.06713795662,35976960,59902,37372,1859.1174460899083,1.9365806730103212,4.0,3.988899562386594,2178.2096774193546,3572.704244312101,1502.0,814,27001,228.79032258064515,145.20198802255564,163.0,21.0,428.0,64.56451612903226,27.21812783477925,54.0,21,105,20.167810816302723,11.457979475059298,15.150399217722983,7.335734341838516,48.965839986335816,228.79032258064515,145.20198802255564,163.0,21.0,428.0,0.02189889425160426,0.006138265975272097,0.021406657993793488,0.0032041925005614758,0.05041980743408203,0.13041650481418043,0.049473671675242435,0.12164587845978997,0.019934242384491988,0.425429603133104,0.19679323,0.28401047,0.11023697,0.0,6.2117286,0.93294877,0.66567135,0.78467804,0.00030469522,5.6470065
113644,7,2512.784266233444,19973.518597602844,38516,22486.30286383629,36976320,60342,38413,1861.1592287818385,1.9387075299810816,4.0,3.9891995742139836,16234.857142857143,12433.183943768863,27001.0,1461,27001,396.0,9.16515138991168,392.0,381.0,409.0,97.28571428571429,4.199125273342592,97.0,91,103,23.4513065251373,7.4632158473609955,21.062370910462775,16.80182777590644,41.234793361135246,396.0,9.16515138991168,392.0,381.0,409.0,0.024961314064573126,0.00797004933520805,0.023792440071702003,0.00235344166867435,0.07364339381456375,0.1468781867680115,0.0611300875068667,0.13586933889982075,0.00984061288712446,0.7688263083173413,0.21146603,0.30924746,0.11667669,0.0,6.595538,1.0005075,0.73571086,0.8353764,4.88311e-05,6.5951805
138834,31,2608.711758375168,20508.73147368431,39557,23117.44323205948,37975680,60723,39454,1867.2196515838004,1.9450204703997922,4.0,3.9894837959451945,4478.5161290322585,3774.900390661623,2848.0,1740,15176,434.6774193548387,74.81650115417837,427.0,365.0,832.0,106.80645161290323,18.54622708320623,105.0,80,199,28.674811182187106,9.93766645957738,28.55588599896405,13.404377539201276,49.393766018073975,434.6774193548387,74.81650115417837,427.0,365.0,832.0,0.021541927666488343,0.0066098759614060835,0.020634567365050316,0.003238166682422161,0.0704750269651413,0.13567713281980334,0.0544765536935819,0.12567238815374993,0.013187184653052877,0.4260222993260536,0.19565344,0.2843633,0.108049035,0.0,6.7609935,0.9370969,0.69608766,0.79490113,3.873557e-05,7.067728
151697,57,2706.6631166934967,21044.92311835289,40598,23751.586235046387,38975040,61133,40495,1863.8112136523612,1.9414700142212096,4.0,3.98975344220301,2661.3508771929824,1899.601126102189,2474.0,1187,16321,410.7543859649123,53.9773444033095,420.0,51.0,470.0,103.01754385964912,13.979297008239275,102.0,33,131,22.158753553064045,5.893306839896115,25.34663719055985,10.77960420691863,29.554059285647803,410.7543859649123,53.9773444033095,420.0,51.0,470.0,0.02237498352602017,0.0071262115240230866,0.0214307252317667,0.002350211376324296,0.06217240169644356,0.14004313448202454,0.05988362421475834,0.13057481804825638,0.01655744073697831,0.558609830258325,0.1989807,0.29180813,0.11028206,0.0,6.64824,0.9355852,0.7156843,0.772362,0.00022650883,6.987586
120781,13,2805.0764689445496,21581.76180768013,41639,24386.83827662468,39974400,61516,41536,1861.5647863465026,1.939129985777607,4.0,3.9900096061479347,9290.846153846154,9971.337552791801,2832.0,1946,27001,408.84615384615387,22.480234579415804,421.0,358.0,426.0,99.61538461538461,6.627895147242467,103.0,82,105,27.742318452871935,7.75299065699236,30.78363462381581,14.007515189990546,38.45550979417567,408.84615384615387,22.480234579415804,421.0,358.0,426.0,0.02102798998009639,0.006547179746321263,0.020171906799077988,0.0020061214454472065,0.05153709650039673,0.13165642096865468,0.05630607531046057,0.11897144530422164,0.02160738399271541,0.502462356148666,0.19193941,0.27955046,0.10603154,0.0,6.8644753,0.92567414,0.69566786,0.7699159,4.0702518e-05,6.4104304
98010,11,2895.272984266281,22116.830640554428,42680,25012.10362482071,40973760,61875,42577,1867.7223164571355,1.9455440796428496,4.0,3.990253274290668,8910.0,9456.076478309404,2257.0,1748,27001,406.0,39.393123534675205,430.0,312.0,449.0,100.27272727272727,12.188600554250451,106.0,75,122,26.96866261032649,6.4133925648074195,28.788337733287925,13.047661770706165,32.6484905452297,406.0,39.393123534675205,430.0,312.0,449.0,0.020003843976061267,0.00633182501497485,0.019151054322719574,0.00455285282805562,0.05095570534467697,0.12268683401602422,0.05166008317594811,0.11193773091292906,0.02619536689631349,0.49966932438588646,0.18913983,0.27862978,0.10490352,0.0,6.9299827,0.8997304,0.68440694,0.7426491,0.0006476231,6.92658
136915,20,2991.3522498607635,22653.585289001465,43721,25644.93753886223,41973120,62239,43618,1861.8562557239036,1.9394335997123995,4.0,3.9904853391885093,6845.75,8926.442000455725,2324.5,1745,27001,410.0,21.70023041352326,417.0,331.0,431.0,100.85,4.992744736114595,102.0,82,107,18.96623302024259,7.227618559043432,16.78318166050383,12.973859634277167,44.98331865765852,410.0,21.70023041352326,417.0,331.0,431.0,0.022029078449681758,0.0070670082868200465,0.021323854103684425,0.005686506163328886,0.060767583549022675,0.13251282064048317,0.05475326337860096,0.12295500056747656,0.027190718362571083,0.4627989876067169,0.19662125,0.29403204,0.10813305,0.0,7.354873,0.9292649,0.7353725,0.7390612,0.00013512745,6.9695244
139873,28,3081.893307209015,23187.35399198532,44762,26269.247299194336,42972480,62582,44659,1872.2716307895362,1.9502829487391002,4.0,3.9907066103701716,4995.464285714285,6763.924243905745,2259.0,1416,27001,352.35714285714283,138.7969262436812,395.0,123.0,823.0,94.67857142857143,28.442992573402194,98.0,48,202,17.229513541466556,3.400708407924419,16.22088544260823,13.198444651665897,29.618820564202434,352.35714285714283,138.7969262436812,395.0,123.0,823.0,0.02067762343651337,0.006149931563143485,0.01986287161707878,0.005044186487793922,0.050182923674583435,0.12449404790486801,0.0506346411906122,0.1143802604449097,0.022714327283815915,0.4044362003587226,0.19034898,0.27715546,0.10548544,0.0,6.932186,0.9145444,0.71014684,0.73661464,2.4955718e-05,7.585107
120049,16,3171.939697742462,23721.701189517975,45803,26893.640887260437,43971840,62983,45700,1870.244673527888,1.9481715349248834,4.0,3.99091782377085,7503.0625,9770.38285117803,2426.5,1222,27001,326.625,156.07485183398381,402.5,60.0,498.0,85.5,32.44225639501667,98.0,33,144,22.12177962967653,10.747466917148556,19.287555440589802,12.483065785338965,57.05124375639258,326.625,156.07485183398381,402.5,60.0,498.0,0.022263911924451076,0.006575171369339637,0.021643370389938354,0.005685901734977961,0.050602708011865616,0.13461994177902473,0.05372786217594113,0.12407873433709855,0.03534640662214206,0.44388763317125873,0.20008023,0.28861234,0.112930775,0.0,6.360041,0.94644946,0.73344,0.75325,0.00015108287,6.668516
139694,29,3268.155665397644,24255.600877285004,46844,27523.756542682648,44971200,63367,46741,1871.8122952641215,1.94980447423346,4.0,3.991119649909275,4817.0344827586205,7657.475029433473,1974.0,1566,27001,391.13793103448273,46.22637263244721,421.0,297.0,431.0,97.24137931034483,9.92959759720053,103.0,81,107,30.9770164880369,16.72759196080209,31.686524483528288,13.889071593107927,77.44194639521352,391.13793103448273,46.22637263244721,421.0,297.0,431.0,0.022510332754105473,0.006913838803747064,0.021542122587561607,0.004101276397705078,0.06160407513380051,0.13386578931636126,0.05294645473837314,0.12209990730187127,0.02636939529579938,0.43350827309206125,0.19876623,0.29413834,0.10969478,0.0,7.059758,0.9778994,0.75058496,0.7805789,4.272163e-05,7.139236
116282,29,3365.065165281296,24791.647801876068,47885,28156.712967157364,45970560,63736,47782,1864.3143988977913,1.9419941655185327,4.0,3.991312700998204,4009.7241379310344,3309.463972604791,3147.0,1523,14610,457.7241379310345,110.65818652475058,428.0,303.0,799.0,116.96551724137932,29.00116853605384,107.0,78,193,23.711750153963415,5.1290811289357885,24.990959501627547,16.43832619164724,36.02982759062128,457.7241379310345,110.65818652475058,428.0,303.0,799.0,0.021490977510969143,0.006577787875882215,0.020472563803195953,0.003041016636416316,0.052647192031145096,0.12891535799559603,0.05694564710216202,0.11937452024295357,0.014964515374002698,1.0374441894757414,0.19710997,0.28602472,0.11034554,0.0,6.7704253,0.94206643,0.74729234,0.7410288,0.0001027286,7.1829433
153875,45,3451.5278635025024,25326.414932489395,48926,28777.942795991898,46969920,64104,48823,1868.776038747612,1.9466417070287623,4.0,3.9914975371471786,3419.4444444444443,5207.035670046423,2145.0,999,27001,387.0444444444444,85.38382765308286,414.0,150.0,509.0,96.57777777777778,18.328470735611656,102.0,48,137,23.810354837835494,7.457515958562716,22.250339604809128,13.856927704052923,37.86802296807135,387.0444444444444,85.38382765308286,414.0,150.0,509.0,0.021669971314683827,0.006910254275198112,0.020647475495934486,0.00471120560541749,0.07072019577026367,0.1293852730611672,0.05608761577702507,0.11941022756907042,0.04120814626044748,0.725043794717152,0.19940948,0.2916693,0.11208299,0.0,6.7102985,0.94640565,0.7441375,0.7436894,8.754432e-06,6.996927
112581,15,3549.082939386368,25863.457497119904,49967,29412.54043650627,47969280,64453,49864,1860.858088013138,1.9383938416803521,4.0,3.9916746717899456,7505.4,5025.988470606222,6649.0,1493,15618,456.6,130.62608213267873,426.0,286.0,861.0,114.8,33.0014141111155,105.0,76,213,21.85022500971222,5.799981293290438,18.702275124016943,15.96490569284241,31.644645691823108,456.6,130.62608213267873,426.0,286.0,861.0,0.020159979349970245,0.006389888777509557,0.019162621349096298,0.006156077608466148,0.05159810557961464,0.12296137087518975,0.051029698821384355,0.1126197421297936,0.032764840907120146,0.45149106856861454,0.19321726,0.28581968,0.107789874,0.0,6.7157297,0.9290622,0.7464612,0.73184705,0.00036307424,7.0721292
116780,22,3643.7640957832336,26401.05395245552,51008,30044.818048238754,48968640,64860,50905,1858.9408283507148,1.9363966961986612,4.0,3.9918445764472934,5308.181818181818,3844.982605899462,3468.0,1298,13001,397.09090909090907,67.20992154227683,424.0,120.0,431.0,97.77272727272727,14.285822018483977,103.0,45,107,29.479816538461694,14.191655556861491,27.641893648260865,10.630093573154694,71.35418132304203,397.09090909090907,67.20992154227683,424.0,120.0,431.0,0.024209556829159245,0.00790142236405758,0.023278525099158287,0.0074134510941803455,0.07682521641254425,0.14715637419963207,0.0628353246836216,0.1355566911373679,0.03429063143649508,0.6202581686672659,0.21120383,0.31570172,0.115926445,0.0,6.9251666,1.0036389,0.80951256,0.7924826,0.00016469508,7.022606
136983,16,3740.5974459648132,26937.841760635376,52049,30678.43920660019,49968000,65222,51946,1861.7412407123,1.9393137924086459,4.0,3.992007684918348,8561.4375,9571.553916219338,2728.5,1721,27001,455.8125,125.62156400773715,421.0,318.0,806.0,111.5625,29.85793183979761,102.5,78,194,23.26720435188038,5.271132317107476,23.49910491756962,15.551686038491686,30.959957935802457,455.8125,125.62156400773715,421.0,318.0,806.0,0.022163948193138803,0.0074541772095224135,0.021014802157878876,0.005593380890786648,0.0918767973780632,0.13350590846340074,0.053422450495536844,0.12471923468785079,0.024815582111871234,0.5013152507112367,0.201926,0.29891753,0.11190665,0.0,7.623989,0.9918922,0.7946892,0.7873552,0.000256069,7.4850307
132794,8,3834.5399956703186,27474.56204342842,53090,31309.10203909874,50967360,65605,52987,1861.9754684868972,1.9395577796738512,4.0,3.9921643969787723,16599.25,11041.608202046475,19677.0,120,27001,406.625,214.3892123568721,405.0,0.0,851.0,100.25,52.71088597244406,99.0,0,209,18.48763559377105,10.125716174423458,18.8235227337496,0.0,39.31811597160621,406.625,214.3892123568721,405.0,0.0,851.0,0.02431468379962921,0.008731368142823265,0.02261050045490265,0.003795232390984893,0.0715222880244255,0.1499422372116412,0.0654657615905887,0.1387498288238355,0.01886808450985428,0.5995481244257288,0.20908318,0.314738,0.11361152,0.0,7.33431,1.0113553,0.8334787,0.7892113,0.00023581088,8.5676775
125747,20,3934.0930409431458,28008.054164886475,54131,31942.14720582962,51966720,65936,54028,1873.2422838198854,1.951294045645714,4.0,3.9923150816522575,6287.35,8891.594301783005,2181.0,1278,27001,414.3,118.3355821382563,407.5,282.0,738.0,102.45,26.88768305377018,98.5,71,177,19.970294615382063,5.807797360017046,19.99498329871904,11.929337907846428,36.654678198565065,414.3,118.3355821382563,407.5,282.0,738.0,0.021859882504560276,0.007084165175634125,0.02072078362107277,0.0027081440202891827,0.06683924794197083,0.1340493817089493,0.05949654350332978,0.12306302414654555,0.016526122071235116,0.5355653138790107,0.20005964,0.31020698,0.10693276,0.0,8.643817,0.98201823,0.841193,0.7646714,0.000642322,8.109179
98905,17,4029.1901330947876,28543.308521986008,55172,32572.498655080795,52966080,66249,55069,1867.0749462281617,1.9448697356543352,4.0,3.9924600801116488,5817.941176470588,6600.195910377458,2315.0,1608,27001,400.6470588235294,101.65509227513951,427.0,268.0,712.0,99.41176470588235,25.968439721933535,106.0,67,181,21.84041104999694,6.043628735163646,24.755786334959357,13.194733622808345,30.60791667988674,400.6470588235294,101.65509227513951,427.0,268.0,712.0,0.02031308042885705,0.0071097651724842765,0.019123006612062454,0.005061704199761152,0.05508708208799362,0.12576367004536732,0.062085807110511426,0.11207208808380506,0.02123439355778249,0.7225291036138739,0.19263136,0.29638675,0.10291177,0.0,7.3654165,0.940037,0.8103328,0.7282359,0.00029727817,7.696525
146322,31,4127.1702036857605,29077.14026594162,56213,33204.31046962738,53965440,66573,56110,1872.0505314931145,1.9500526369719944,4.0,3.9925997082577296,4720.064516129032,4747.493239632237,2633.0,496,27001,404.16129032258067,73.20765726483832,420.0,22.0,430.0,97.48387096774194,16.857794153604026,102.0,13,106,31.417288597369573,10.004316029576662,35.91104779198422,8.528929799802276,44.35002773539111,404.16129032258067,73.20765726483832,420.0,22.0,430.0,0.021726928695617646,0.007673743919490642,0.020316366106271744,0.004876851569861174,0.07922481000423431,0.13967319460012018,0.06610069187707439,0.12455611019174194,0.035492108662425484,0.6491270081537275,0.19921532,0.30601045,0.10673869,0.0,9.307344,0.9697679,0.8505368,0.73720354,0.00036497414,9.391549
123992,20,4220.050629854202,29610.399163722992,57254,33830.449793577194,54964800,66903,57151,1874.0615565119406,1.9521474546999382,4.0,3.9927342590166797,6199.6,7288.688087715101,3213.0,2232,27001,469.6,108.89738288866266,431.0,403.0,848.0,121.6,28.522622600315,107.0,100,212,24.34178753406665,6.345986188019525,22.977808200476666,14.240562665246193,35.94057257977028,469.6,108.89738288866266,431.0,403.0,848.0,0.020636086097196474,0.007302448534895795,0.019468382000923157,0.005063333548605442,0.07990533113479614,0.12925063357792507,0.060348627643021076,0.11654756467113152,0.03887375151506437,0.63028429576398,0.19566575,0.3073984,0.10549325,0.0,9.220955,0.9682551,0.843275,0.7387823,7.2941184e-06,9.225664
120328,19,4315.014134883881,30144.987681388855,58295,34460.001816272736,55964160,67225,58192,1869.4004210255705,1.9472921052349692,4.0,3.992864004391382,6333.0526315789475,7514.648456067825,2706.0,1967,27001,436.63157894736844,96.7803865114022,425.0,381.0,842.0,106.15789473684211,24.125250274992485,104.0,87,206,22.517891150310877,4.21122255340524,23.07930913572108,17.80324973335293,30.802126221677014,436.63157894736844,96.7803865114022,425.0,381.0,842.0,0.023464374931298347,0.009088728674850026,0.021515121683478355,0.0049164132215082645,0.09274908900260925,0.14564047977036781,0.06668282472409964,0.12952691525339258,0.030824252635281692,0.518362304651673,0.21215267,0.32898784,0.11369634,0.0,8.868289,1.03623,0.898157,0.77879775,0.00048435476,9.17483
106049,21,4412.627426862717,30678.394198179245,59336,35091.02162504196,56963520,67575,59233,1873.5429143485949,1.951607202446453,4.0,3.9929891972967964,5049.952380952381,5320.116347422618,3117.0,2123,27001,425.42857142857144,11.664236870396085,431.0,395.0,442.0,106.28571428571429,5.399672451643156,107.0,95,118,22.83498972194081,5.857081068683081,22.595479034140308,13.881877081999642,31.728525054177364,425.42857142857144,11.664236870396085,431.0,395.0,442.0,0.023447386241418657,0.009251748309813568,0.021773818880319595,0.004867271054536104,0.08137792348861694,0.14020695188600807,0.07436738437576122,0.12508488627627268,0.022970262511060904,0.9423268466102608,0.21378714,0.3339025,0.11348504,0.0,8.966024,1.0675327,0.91609967,0.8020395,0.0002882108,8.299595
155266,64,4511.767488479614,31213.679888248444,60377,35725.44737672806,57962880,67941,60274,1866.9656569201552,1.9447558926251618,4.0,3.993110073205472,2426.03125,1283.967982573334,2092.5,1423,10201,400.015625,46.886329360053075,420.0,102.0,471.0,100.203125,10.248749447341124,102.0,45,132,18.234652021712222,4.864842374014942,18.022963406806333,11.125476246219133,30.002696399378866,400.015625,46.886329360053075,420.0,102.0,471.0,0.024876859837089104,0.009224549887237192,0.02339601144194603,0.004220959730446339,0.07012996077537537,0.14454517135193268,0.07083717449841016,0.13108426443444296,0.018669035277808648,0.7295876857561071,0.22133821,0.3450514,0.11731887,0.0,8.317079,1.0955328,0.93404186,0.8189955,9.25362e-06,9.634337
126596,32,4606.313292980194,31748.694979667664,61418,36355.00827264786,58962240,68331,61315,1867.9099263331525,1.9457395065970338,4.0,3.9932268516257183,3956.125,6047.109954091707,2165.0,1639,27001,401.5625,114.63336597060211,427.0,194.0,837.0,100.71875,25.051489944462386,105.0,59,204,22.157387580023673,6.668924874402837,25.8880932855274,12.182544828623625,41.87529868685111,401.5625,114.63336597060211,427.0,194.0,837.0,0.02491218102630675,0.008451852692334559,0.023563114926218987,0.00606215326115489,0.08739866316318512,0.14627804171686123,0.06592383721817113,0.13326339877726506,0.02849745493125037,0.7437504951300752,0.22354336,0.33721295,0.12155205,0.0,8.219492,1.0846714,0.8956936,0.8316783,6.681681e-05,8.596205
131417,16,4702.312990427017,32284.01347732544,62459,36986.32646775246,59961600,68696,62356,1866.8512378566854,1.944636706100714,4.0,3.9933397374319566,8213.5625,9199.929136743052,3614.0,2250,27001,450.3125,96.6564268103782,427.0,220.0,617.0,115.4375,27.88137539200676,106.0,58,164,28.709726846913526,11.872442814923893,25.392643217376772,13.293067678299813,53.10641020781587,450.3125,96.6564268103782,427.0,220.0,617.0,0.02362501365199728,0.007902437078612358,0.022513842210173607,0.007789540104568005,0.06180784851312637,0.14079411134834194,0.06729936795273209,0.12647939481718082,0.045705593119114665,0.8975209101305506,0.21632935,0.31739923,0.12043974,0.0,8.835802,1.0526261,0.8689865,0.80596995,0.00020955502,8.631151
130528,21,4798.590769290924,32818.84714651108,63500,37617.437915802,60960960,69057,63397,1868.543544615787,1.9463995256414448,4.0,3.9934489220642195,6215.619047619048,7203.137632978923,3858.0,1558,27001,452.4761904761905,90.15205094865803,426.0,407.0,849.0,114.76190476190476,23.906374447603405,105.0,95,204,26.10793524671592,10.53385110269208,29.03136680829568,13.193218273841664,40.94506193670713,452.4761904761905,90.15205094865803,426.0,407.0,849.0,0.02554569857492041,0.008998576039720249,0.024038266390562057,0.007726047653704882,0.08205262571573257,0.15131024578555166,0.07277202806464783,0.13472744779706378,0.04544981071312927,0.7603401158991635,0.2242103,0.33439365,0.12187743,0.0,9.069486,1.0843232,0.903492,0.82829237,0.000106155865,8.879346
129367,29,4894.2213706970215,33352.27793478966,64541,38246.49930548668,61960320,69377,64438,1873.4576667856163,1.9515184029016837,4.0,3.9935545846115708,4460.931034482759,6530.050963158759,2254.0,2124,27001,422.9655172413793,5.875036367433674,423.0,408.0,435.0,103.41379310344827,2.4985132321016277,103.0,99,111,24.50352179204194,5.410449914755504,25.879881735336433,13.420981349507908,35.72594315185199,422.9655172413793,5.875036367433674,423.0,408.0,435.0,0.02232130651302299,0.007657360377692293,0.021344797685742378,0.006225149147212505,0.07565224915742874,0.1338071262721171,0.06023560541434309,0.12065880449295859,0.03517959905290444,0.5633801631703069,0.2064455,0.3237853,0.10891187,0.0,8.193665,1.019243,0.9162417,0.7657555,0.00018313527,8.67183
140740,25,4988.332956314087,33887.394411087036,65582,38875.72736740112,62959680,69690,65479,1867.5560261475277,1.9453708605703415,4.0,3.9936568927923393,5629.6,5319.4571377162165,3603.0,2251,27001,579.44,189.42609746283642,446.0,360.0,857.0,144.68,46.352320330270416,119.0,81,212,24.77694887523184,5.410068006897732,26.79006714722035,15.684098175238274,34.870859207319825,579.44,189.42609746283642,446.0,360.0,857.0,0.021956876718316597,0.007826182572701899,0.02056078426539898,0.004230532795190811,0.06984957307577133,0.13133853765940623,0.058844571053656564,0.12080008520917401,0.02295346467830272,0.5489869255854869,0.21220711,0.3322851,0.11316088,0.0,7.926536,1.0391474,0.909749,0.77567244,0.00017105043,7.906602
115475,11,5079.431918859482,34420.667107343674,66623,39500.099026203156,63959040,69985,66520,1874.0130650136603,1.9520969427225627,4.0,3.993756003842459,10497.727272727272,10151.099385968086,5023.0,3201,27001,494.54545454545456,138.73805510343692,437.0,403.0,788.0,122.81818181818181,31.43194143142864,113.0,94,188,30.921106634561134,6.185012016444513,34.29116873827168,20.105757621518595,37.00106796969162,494.54545454545456,138.73805510343692,437.0,403.0,788.0,0.021342090847673866,0.007281617902902923,0.020313609391450882,0.005949291866272688,0.06573667377233505,0.1273775599787462,0.05903700674564335,0.11405465609310124,0.02975478121163954,0.5484192851635905,0.20278563,0.31266022,0.10980922,0.0,9.176643,1.0022681,0.8640474,0.7582363,0.00043682754,8.48042
117852,18,5175.4202880859375,34954.05064702034,67664,40129.47093510628,64958400,70278,67561,1873.6236228920857,1.9516912738459227,4.0,3.993852065321806,6547.333333333333,8153.7562441422615,2350.5,1586,27001,438.55555555555554,143.03193979831613,406.0,292.0,844.0,109.22222222222223,34.91824667157966,100.0,79,211,23.335338565098937,12.24764971183045,18.477891862645258,11.892943773250517,43.575728609569886,438.55555555555554,143.03193979831613,406.0,292.0,844.0,0.022547578672618102,0.008781068557057166,0.020979057997465134,0.006049760617315769,0.1044846773147583,0.13217942329270663,0.060267267434039644,0.11849589707266693,0.03586882133534134,0.5491371863919715,0.20672798,0.32323405,0.11026794,0.0,10.176932,1.016799,0.90420806,0.76477337,0.0002618283,9.422919
111670,30,5272.438508749008,35486.11590433121,68705,40758.554413080215,65957760,70601,68602,1878.2658447779622,1.9565269216437107,4.0,3.993945215847233,3722.3333333333335,3219.67342374278,2309.5,1945,14559,424.3333333333333,9.151806136252862,426.0,397.0,433.0,104.83333333333333,3.2871804872193366,105.0,97,109,26.28025403876569,5.034956813617774,25.086827565563034,18.500625761895133,34.0317182729736,424.3333333333333,9.151806136252862,426.0,397.0,433.0,0.02532563459729341,0.009369423830659342,0.023753540590405464,0.009422543458640575,0.06777790188789368,0.13875240785918333,0.06093221303390156,0.12710113486348612,0.04000166507993157,0.5145194465609796,0.21995991,0.34889644,0.11719656,0.0,7.5830317,1.0991975,0.988259,0.8078873,3.106892e-05,9.855877
137248,26,5367.667423963547,36018.0463385582,69746,41385.713762521744,66957120,70898,69643,1878.7419100249203,1.9570228229426254,4.0,3.994035585759961,5278.7692307692305,5553.938860828636,3034.0,2157,27001,530.2692307692307,167.3056984850251,431.0,416.0,864.0,132.19230769230768,40.37327679653883,107.0,101,216,27.347156302234165,7.606729030264015,31.23816208467631,13.664456952948019,35.918637295640835,530.2692307692307,167.3056984850251,431.0,416.0,864.0,0.02311574639958275,0.00804426314904705,0.021863369271159172,0.00315313832834363,0.0708158016204834,0.13196334264361534,0.05966532162625957,0.12017273986698701,0.0206065581363393,0.7450888742876258,0.2116105,0.3336087,0.11334878,0.0,9.29201,1.0812744,0.94599265,0.7986671,0.00045529008,8.931991
128798,19,5462.3284866809845,36551.01207470894,70787,42013.34056138992,67956480,71207,70684,1875.0923975295582,1.9532212474266233,4.0,3.9941232977340793,6778.8421052631575,5999.320077818976,3281.0,1989,27001,419.10526315789474,9.596571409909103,421.0,383.0,432.0,103.3157894736842,2.616800609401275,103.0,95,108,24.237524886285833,5.096475062557466,22.03936810951887,16.927429492396904,31.17702027068284,419.10526315789474,9.596571409909103,421.0,383.0,432.0,0.022499514071809397,0.008676316120941089,0.020897427573800087,0.002906779758632183,0.08334441483020782,0.12905549874680627,0.05798267575286684,0.11673154656746293,0.01732653012602526,0.6153786334442907,0.21428187,0.33341685,0.115902245,0.0,10.066118,1.0495279,0.92968607,0.77327347,0.00070139766,9.6813135
121245,20,5558.698714971542,37086.44270014763,71828,42645.14141511917,68955840,71529,71725,1866.460289194706,1.944229467911152,4.0,3.994208467332136,6062.25,6153.0930423243235,2674.0,1461,27001,504.75,160.3077898918203,428.5,385.0,832.0,124.35,38.75986971082333,106.0,94,205,24.68509802131955,6.122194342904185,25.46950722654907,14.340342096317066,38.63061923149548,504.75,160.3077898918203,428.5,385.0,832.0,0.021615521835143554,0.007245047993278795,0.02048681490123272,0.006572943180799484,0.05134859308600426,0.1271262957139008,0.054086546754970856,0.11524836781697777,0.03725286080824496,0.47154447221389756,0.20867804,0.3325022,0.11376929,0.0,10.51081,1.0482799,0.9312702,0.77628744,0.00045536458,9.753407
145129,65,5655.87722826004,37619.994220256805,72869,43275.871448516846,69955200,71852,72766,1873.0337415129254,1.951076814075964,4.0,3.9942912035131055,2232.753846153846,693.8450953428733,2174.0,1041,3570,379.4769230769231,126.87014653905085,421.0,75.0,671.0,97.24615384615385,27.07597900452086,103.0,36,170,28.943935661747602,11.062785491841,30.334829474188634,15.305892355500424,65.54617857566784,379.4769230769231,126.87014653905085,421.0,75.0,671.0,0.023637837668617795,0.010628840219470628,0.021736113354563713,0.006031873635947704,0.16169925034046173,0.13642380977958887,0.0685923747823842,0.12276055990781123,0.02461153936132236,0.9105732316658809,0.21808463,0.35080525,0.118145704,0.0,9.8687105,1.088126,0.9960504,0.77683026,0.0003221482,10.089362
150136,47,5753.213047027588,38153.29133820534,73910,43906.504385232925,70954560,72182,73807,1873.927246868128,1.9520075488209665,4.0,3.994371609097428,3194.3829787234044,1974.7771493253385,2694.0,1678,10960,425.6595744680851,50.77454404741788,431.0,332.0,731.0,105.1063829787234,11.60013580726296,107.0,83,173,22.616215327746414,5.295448847205554,21.191304838429886,16.67872624077084,41.717858673649346,425.6595744680851,50.77454404741788,431.0,332.0,731.0,0.023110519740131112,0.00964426163182882,0.021233288571238518,0.0032752652186900377,0.11443348228931427,0.13526895852567153,0.0689308511111472,0.1191686019456195,0.019797177232779396,1.0293048388559425,0.20989569,0.3339247,0.114007294,0.0,9.98536,1.0628195,0.96737033,0.7585108,0.0006316602,10.370115
153049,23,5851.305104255676,38688.90119242668,74951,44540.20629668236,71953920,72497,74848,1865.8357237524021,1.9435788789087522,4.0,3.994449781193297,6654.304347826087,6676.069961044724,4213.0,2226,27001,595.4347826086956,209.336181896584,431.0,416.0,861.0,148.43478260869566,50.91410164867756,107.0,103,213,25.95786605891475,7.489333385874524,29.70277049140386,15.5525515969905,35.81353377091894,595.4347826086956,209.336181896584,431.0,416.0,861.0,0.02178234744018103,0.008219931756942982,0.02053164318203926,0.003718738676980138,0.10093478113412857,0.1272631701453029,0.05641891452493619,0.11732260466830889,0.017131409956938366,0.6203825978437356,0.20621672,0.3281801,0.11171305,0.0,9.592954,1.0511253,0.9464601,0.76607656,8.890033e-05,9.64555
143476,22,5947.455931663513,39224.90460395813,75992,45172.36053562164,72953280,72790,75889,1864.4657449934264,1.9421518177014858,4.0,3.994525811587909,6521.636363636364,8350.966952969386,2926.0,1036,27001,403.27272727272725,78.83191659715095,424.5,47.0,431.0,99.5909090909091,16.03308820394162,104.5,29,107,21.68414329931896,6.03638650623614,20.364317199204216,8.638677279486654,34.26867560361656,403.27272727272725,78.83191659715095,424.5,47.0,431.0,0.024061130473388433,0.010058326821618314,0.022240202873945236,0.007975070737302303,0.09136666357517242,0.12882873743681,0.05697359342789135,0.1179582932086989,0.03312647980733726,0.42508135458814456,0.21066521,0.3398522,0.112945914,0.0,10.8995,1.114976,1.0506943,0.7907468,6.377697e-05,10.703442
133271,14,6043.0225710868835,39758.25531220436,77033,45801.277883291245,73952640,73056,76930,1873.7389574040412,1.9518114139625429,4.0,3.9945997871069916,9519.357142857143,9632.777834094399,4225.5,2349,27001,453.64285714285717,101.82029487768925,429.0,408.0,820.0,111.85714285714286,24.2158659408518,106.0,102,199,29.644733257283203,16.134373982499667,28.242081016895387,13.29677309925528,84.30520524936888,453.64285714285717,101.82029487768925,429.0,408.0,820.0,0.02132268728353763,0.009218102096158438,0.020036961883306503,0.004348054528236389,0.13891416788101196,0.12073761776208605,0.05559447760882125,0.11025620131076734,0.02273430175007534,0.6154306795210346,0.19617577,0.3205254,0.10449839,0.0,10.184432,1.053522,1.0090522,0.7531375,0.0004045069,10.102782
126065,13,6139.176862955093,40291.55517745018,78074,46430.73204040527,74952000,73317,77971,1873.9175933212646,1.951997493042984,4.0,3.9946717899455653,9697.307692307691,9653.996768055868,4610.0,1996,27001,454.46153846153845,112.58816400739563,428.0,397.0,843.0,112.23076923076923,27.551780191413698,107.0,97,207,27.76073192714926,7.283399494093318,28.095639041456817,16.549766415514473,48.188403656075614,454.46153846153845,112.58816400739563,428.0,397.0,843.0,0.020457976921322854,0.00835729995821388,0.018754467368125916,0.0056692613288760185,0.05968694016337395,0.11763302973148701,0.05470389560909212,0.10464650830351775,0.02392065862438065,0.4595252102991075,0.19748558,0.336176,0.102111876,0.0,12.022711,1.0300158,1.0193049,0.7275288,0.00024238227,11.448102
122730,17,6235.159109592438,40825.23391246796,79115,47060.393022060394,75951360,73599,79012,1872.5872597616467,1.950611728918382,4.0,3.994741897972597,7219.411764705882,7714.657722260029,3390.0,2213,27001,474.5882352941176,134.67698123048498,425.0,411.0,855.0,116.88235294117646,33.0113747828215,105.0,102,213,26.619552378283696,7.429588895876019,23.846296934800947,14.550099315614583,37.75166758952251,474.5882352941176,134.67698123048498,425.0,411.0,855.0,0.020037687274669435,0.008268964985341024,0.018702702596783638,0.003719291416928172,0.09473955631256104,0.12232008478106345,0.05975373580590853,0.11114016272890752,0.02424920174369871,0.6022324854430526,0.19418286,0.3256583,0.10216984,0.0,10.098552,1.017057,0.9897387,0.71967286,0.00017902255,9.397456
133178,8,6330.827430963516,41357.431736946106,80156,47688.25916790962,76950720,73862,80053,1877.7979804406941,1.9560395629590563,4.0,3.994810185011914,16647.25,10734.621706771972,19798.5,1853,27001,511.75,190.11361734499715,425.0,308.0,842.0,127.0,46.32763753959401,105.5,80,206,24.90903106773385,5.338999066496127,26.012448294950346,14.742422114018618,29.896798546005957,511.75,190.11361734499715,425.0,308.0,842.0,0.020879489851902588,0.008472722228908491,0.019536664709448814,0.005701348651200533,0.10243601351976395,0.1261357388811892,0.06447683133925981,0.11176522624800372,0.03363703737073716,0.6571166102770136,0.1941757,0.31750947,0.10257435,0.0,9.213894,1.0294397,0.999518,0.725873,0.00042498112,9.675385
135565,27,6428.10725402832,41889.7220852375,81197,48317.82933926582,77950080,74144,81094,1877.4715776978737,1.9556995601019518,4.0,3.994876721101505,5020.925925925926,4777.711391729431,3959.0,2131,27001,506.2962962962963,134.63305818651284,431.0,345.0,864.0,130.07407407407408,35.58185755558054,107.0,84,216,26.185122358373285,7.67384425728393,23.36003557053401,14.910638371496518,42.92149938622866,506.2962962962963,134.63305818651284,431.0,345.0,864.0,0.021498351497888764,0.008768643565459897,0.01995028182864189,0.006410765461623669,0.0796661302447319,0.12782810285109783,0.060934569457312605,0.11386036537884152,0.027598479169989604,0.49058096588253425,0.20367679,0.33816087,0.10769129,0.0,9.428449,1.0470973,1.0162435,0.73314714,0.00036577877,10.046524
111486,17,6521.668020963669,42424.86257529259,82238,48946.530596256256,78949440,74419,82135,1867.4722219152802,1.9452835644950834,4.0,3.9949415727331314,6558.0,5667.237702485276,4617.0,2346,27001,607.3529411764706,213.8413213732173,431.0,332.0,864.0,150.8235294117647,52.58856428374524,107.0,83,216,24.406882545941144,5.250805358602907,23.084371517224206,14.98867612886894,37.794684640016484,607.3529411764706,213.8413213732173,431.0,332.0,864.0,0.019621601419059935,0.008192662275434396,0.018045788630843163,0.004908476956188679,0.05891217663884163,0.11404599112469237,0.054345993128130564,0.10185547189883248,0.026012084178708306,0.5231177635739124,0.19686206,0.33230153,0.10405621,0.0,10.430555,1.0412216,1.0312811,0.7153447,0.00047561526,9.991044
125828,18,6617.789623498917,42958.363664865494,83279,49576.15328836441,79948800,74711,83176,1873.210794752146,1.9512612445334854,4.0,3.9950048030739675,6990.444444444444,7736.237315547471,3974.5,2036,27001,545.0,181.81492421324126,435.0,317.0,864.0,137.16666666666666,45.311575661070194,111.0,74,216,22.90765525407883,3.023666586785037,22.050961394035507,17.63776192884652,31.807229671753387,545.0,181.81492421324126,435.0,317.0,864.0,0.019725190050628012,0.008540232957053636,0.017892437055706978,0.0028896555304527283,0.07997282594442368,0.11635663862044505,0.05683863307616455,0.10402595660688667,0.019399504470291592,0.501382932221867,0.20312394,0.34290808,0.10610813,0.0,11.190587,1.0575161,1.065001,0.7207304,0.00012372434,10.252525
132495,30,6715.602890968323,43491.51705789566,84320,50207.11994886398,80948160,75012,84217,1874.4324111306082,1.9525337615943834,4.0,3.9950664721718194,4416.5,2575.3408285765468,3519.0,2019,13217,569.5,192.803137941269,441.0,408.0,864.0,143.2,46.378443268397874,114.0,102,216,28.426887798518646,5.003407239287273,26.897537201993075,17.730397031505667,37.25190195074282,569.5,192.803137941269,441.0,408.0,864.0,0.018947141229574936,0.007572187712399385,0.017413947731256485,0.003763046348467469,0.07353198528289795,0.1147787571228965,0.05639347086535376,0.10298866309149594,0.02293859329786266,0.574582394094217,0.19448066,0.31086132,0.1059072,0.0,8.722508,1.0165429,0.9816892,0.70778596,9.453296e-05,9.971663
107347,11,6810.095048189163,44024.133645534515,85361,50834.22869372368,81947520,75291,85258,1876.3215851580353,1.9545016512062867,4.0,3.995126637145334,9758.818181818182,9026.096506727608,4572.0,2515,27001,427.1818181818182,14.677243869449937,431.0,395.0,459.0,106.72727272727273,7.12346837242172,107.0,95,126,25.8762222796742,5.716763387043025,25.215610734803363,16.65909580864611,32.8292331961228,427.1818181818182,14.677243869449937,431.0,395.0,459.0,0.019513465206905497,0.008412475231756918,0.01761706918478012,0.005638139322400093,0.05852312594652176,0.11730036473484845,0.06464356284934296,0.1017380620196273,0.0327573217659662,0.7716316019135973,0.19870545,0.3195493,0.10849023,0.0,10.154175,1.0355586,1.0048149,0.71747595,9.174645e-05,9.732616
120960,22,6904.117701292038,44558.7867872715,86402,51462.90448856354,82946880,75588,86299,1869.1744646880281,1.9470567340500293,4.0,3.9951853523604504,5498.181818181818,3328.278228595402,4458.5,1758,12813,470.8636363636364,152.56453044667109,427.0,310.0,857.0,116.5909090909091,36.78890530742942,106.0,82,212,25.544037224975046,9.255753841696446,22.099495189072393,12.558911979418811,45.67414773758014,470.8636363636364,152.56453044667109,427.0,310.0,857.0,0.020309525172026627,0.00866793129193384,0.01862037368118763,0.00202181376516819,0.06876293569803238,0.12001248748138317,0.06014536780483713,0.10698383956963897,0.01897045554859799,0.5257231628615409,0.19577883,0.33644825,0.10510248,0.0,10.78676,1.0502658,1.0572449,0.7187731,9.857118e-05,11.016569
119713,20,6994.305463314056,45092.58759880066,87443,52086.893062114716,83946240,75872,87340,1872.1590121550587,1.9501656376615195,4.0,3.9952426695942544,5985.65,7313.529430275097,2507.0,2037,27001,472.0,137.83976204274293,422.0,381.0,864.0,116.35,33.937110955412805,104.0,93,216,20.732367484516516,4.5247237940017575,19.711779834481973,12.730852057551788,30.775065856185513,472.0,137.83976204274293,422.0,381.0,864.0,0.02020566622967278,0.008359430267411814,0.018622739240527153,0.0058781662955880165,0.08557631820440292,0.12174948128490502,0.05961155290219317,0.10756371978182673,0.03957013669940203,0.5985915798338162,0.19088462,0.3272716,0.10334602,0.0,10.866119,1.0423348,1.070193,0.71232784,0.0003823638,10.886808
123408,30,7088.397354364395,45628.072734832764,88484,52716.47008919716,84945600,76168,88381,1866.2702897883694,1.9440315518628846,4.0,3.9952986381872635,4113.6,3617.2715647754912,2404.5,1721,14214,463.9,121.26564503876052,428.0,397.0,863.0,114.5,29.96192027668899,106.0,97,215,26.48580769312014,11.234016545663893,24.954908887114094,13.92924015186586,71.13920268445338,463.9,121.26564503876052,428.0,397.0,863.0,0.022996056981932276,0.009285843816935906,0.02094757929444313,0.007226867135614157,0.07588689029216766,0.13353471569527492,0.06766433395627877,0.11879386196760418,0.034087654528236346,0.8152945514598189,0.20742314,0.3589105,0.108615756,0.0,10.710633,1.0892953,1.0935503,0.7377459,7.748604e-07,10.991402
133982,32,7178.622288227081,46165.57641339302,89525,53344.1987016201,85944960,76467,89422,1859.261694128046,1.9367309313833811,4.0,3.995353305185086,4186.9375,4831.036786611518,2658.0,1315,27001,426.03125,119.45513916712625,428.0,169.0,861.0,105.125,28.987874620261486,106.0,52,213,27.465980582377398,8.833643013914644,25.745619289399517,16.114291961420253,46.85015378749084,426.03125,119.45513916712625,428.0,169.0,861.0,0.020540626741065417,0.007559749912875351,0.019170774146914482,0.005604101344943047,0.07309842109680176,0.12048970278218132,0.0502802405169061,0.11146102492544901,0.03390084009060261,0.501530271143065,0.1963789,0.33716333,0.105546474,0.0,10.421727,1.0351425,1.0370284,0.7182646,4.2796135e-05,10.315521
115635,14,7259.468213319778,46709.992851257324,90566,53969.4610645771,86944320,76733,90463,1835.6536109019758,1.9121391780228914,4.0,3.995406715470315,8259.642857142857,8349.506791311884,4126.5,1412,27001,496.14285714285717,167.85957445047296,427.5,264.0,849.0,125.0,40.162171256046406,106.5,66,207,24.261589249423928,7.142360816292595,21.36941100621194,14.781206996960194,42.57654675056498,496.14285714285717,167.85957445047296,427.5,264.0,849.0,0.021875003458776375,0.008436815308729046,0.02043803408741951,0.00740879587829113,0.07207417488098145,0.1267024363255691,0.05297065846369358,0.11716203563613282,0.028629685246549404,0.3987420175838725,0.20085761,0.3363255,0.10827458,0.0,10.004767,1.0545338,1.0496576,0.71838945,8.8334076e-05,10.184945
121719,19,7345.472724676132,47254.62290048599,91607,54600.095625162125,87943680,76988,91504,1834.933642415329,1.911389210849301,4.0,3.9954589118854247,6406.263157894737,6198.656822605372,4284.0,2064,27001,588.4736842105264,196.40087051502132,432.0,422.0,862.0,146.05263157894737,46.68649493016439,108.0,101,214,26.213505692155888,6.961058789510864,26.22734447362774,13.993808794719065,38.35531105028173,588.4736842105264,196.40087051502132,432.0,422.0,862.0,0.020297887688994723,0.007986875813154246,0.018843770027160645,0.006921105552464724,0.0628831684589386,0.12037936836976829,0.059172594078741945,0.10860776233382789,0.034181010151348716,0.7412176937734908,0.19230518,0.33015457,0.10148144,0.0,9.722333,1.0278895,1.0382138,0.6987504,8.7290995e-05,9.592413
135469,22,7428.268085002899,47799.60324764252,92648,55227.871332645416,88943040,77216,92545,1833.754199053663,1.9101606240142321,4.0,3.9955099353473864,6157.681818181818,8354.143726245098,3461.0,1512,27001,484.6363636363636,301.85585745134375,431.0,121.0,864.0,125.45454545454545,68.41698836926878,107.0,46,216,30.02842093220062,19.158818769895078,22.7299429826174,13.58284360538109,67.90166572877806,484.6363636363636,301.85585745134375,431.0,121.0,864.0,0.020227214329545884,0.008633943424032996,0.018707146868109703,0.002133562695235014,0.08505144715309143,0.12246242803286655,0.0624939579104334,0.10868480871954363,0.013102215714163229,0.7660851087165796,0.19319592,0.33419964,0.10253167,0.0,9.510933,1.0261945,1.0608271,0.6887878,0.00031733513,9.552578
60934,10,7514.218747377396,48342.799575805664,93689,55857.01832318306,89942400,77515,93586,1839.7767955821785,1.9164341620647694,4.0,3.9955598249546376,6093.4,4396.121658917096,4295.5,1944,14151,514.9,172.60327343361715,429.0,397.0,859.0,129.1,42.71639029693404,107.0,97,214,24.79879338905991,5.822067480701982,21.634668534722366,20.173722534571414,36.980570085816986,514.9,172.60327343361715,429.0,397.0,859.0,0.021219772165041777,0.008234045561583405,0.0196353979408741,0.005683577619493008,0.06317391246557236,0.11438776771826686,0.04686564984445567,0.1052328363518188,0.02452530979359366,0.4339361187679146,0.19891617,0.3442571,0.10552251,0.0,9.244137,1.0546379,1.0855949,0.69996214,0.00010624528,9.718362
109647,16,7598.909030675888,48892.70059633255,94730,56491.60962700844,90941760,77786,94627,1817.3452361344343,1.8930679543067024,4.0,3.995608618087004,6852.9375,5552.429439767222,4508.0,3482,27001,742.1875,170.84540480724087,845.5,425.0,859.0,186.0625,38.040223366194894,208.0,104,214,29.323680222277016,9.724407159883217,31.16171846204108,18.544654459598842,58.58161334138618,742.1875,170.84540480724087,845.5,425.0,859.0,0.020928811303838214,0.00841901596256789,0.019548147916793823,0.005988527089357376,0.11759746074676514,0.11992110359487178,0.055379244765444785,0.1103156306496845,0.029708947038437683,0.7248337547806539,0.19721854,0.33464688,0.10739361,0.0,9.9582815,1.0560426,1.0582243,0.7251276,0.0003116727,11.643916
124168,13,7688.125336647034,49444.80643367767,95771,57132.93177032471,91941120,78080,95668,1810.087726667698,1.8855080486121854,4.0,3.995656350499102,9551.384615384615,10393.646088159687,2580.0,973,27001,369.0,128.86606045992693,425.0,68.0,435.0,93.0,26.561973976691974,104.0,32,111,27.81709107794201,8.525251709273604,29.41830165012871,12.006535901637406,37.94855570438923,369.0,128.86606045992693,425.0,68.0,435.0,0.023566376084621053,0.01018986550479509,0.02159452997148037,0.004136618226766586,0.09629007428884506,0.13235073929850896,0.06579715976318122,0.11792344654411668,0.017133078611045856,0.7403580238801958,0.20580778,0.3701165,0.10879612,0.0,10.438539,1.1310786,1.1933838,0.7324877,0.00052413344,10.600733
128326,19,7778.745283842087,49990.42151236534,96812,57769.16679620743,92940480,78353,96709,1831.620933944302,1.907938472858648,4.0,3.995703056407714,6754.0,5678.362773676377,4564.0,2245,27001,600.1578947368421,209.4492183543593,440.0,381.0,863.0,148.26315789473685,50.67215793734958,116.0,93,215,26.4192437586924,8.79364020081005,20.597828102519166,16.140256816667765,45.19795809089264,600.1578947368421,209.4492183543593,440.0,381.0,863.0,0.023114617580259855,0.009881235516142289,0.020985694602131844,0.0045079439878463745,0.08956103771924973,0.1307940420804379,0.05891505142261821,0.11991614886944049,0.025487167666955912,0.5921571787714707,0.20418178,0.3639797,0.10862219,0.0,10.597357,1.1489854,1.19389,0.76462686,0.0001462996,10.434637
122176,9,7867.189668416977,50532.15245079994,97853,58399.34211921692,93939840,78609,97750,1844.7534174211564,1.921618143147038,4.0,3.995748768573589,13575.111111111111,9891.016647493201,8937.0,2758,27001,640.3333333333334,200.62513412941172,721.0,392.0,864.0,157.66666666666666,49.81744451271841,181.0,92,216,28.058400942581265,6.8205140922535445,23.936285423514565,19.283668190062738,42.96849176491125,640.3333333333334,200.62513412941172,721.0,392.0,864.0,0.023955533332410597,0.010368874122382821,0.02172807604074478,0.007491718046367168,0.0858428105711937,0.12889947842902197,0.057710518123829685,0.11582228587892775,0.03375654322594219,0.49012454114862136,0.20963772,0.3740068,0.109826684,0.0,10.506715,1.1792507,1.2354689,0.7654252,0.0002136752,10.138276
108963,14,7960.018939971924,51075.23720788956,98894,59035.25614786148,94939200,78861,98791,1840.1547584497841,1.916827873385192,4.0,3.9957935183780777,7783.071428571428,7090.290780499825,5672.5,536,27001,407.2142857142857,185.1498152352107,429.5,11.0,862.0,104.0,42.86023798347368,106.5,11,214,23.763634847772693,15.794330858393876,19.377215656249714,5.3235751374402644,73.03622753077966,407.2142857142857,185.1498152352107,429.5,11.0,862.0,0.021681476828143875,0.008270688490713732,0.020012322813272476,0.007508435286581516,0.06930414587259293,0.11751610059690339,0.050042416605042786,0.10666825382018424,0.0369017605943847,0.4897031492258581,0.20128126,0.3567691,0.104254276,0.0,10.266936,1.1294835,1.1596992,0.748852,0.00010575354,10.616091
148629,10,8050.0611736774445,51616.84202528,99935,59666.90319895744,95938560,79119,99832,1845.1829967375702,1.9220656216016356,4.0,3.9958373358949726,14862.9,10115.799814646394,9529.0,2791,27001,669.4,198.04656018219552,803.0,425.0,860.0,165.1,48.10291051485346,198.5,105,215,29.41592297126906,7.503430490711475,29.024073451599804,17.876622895453284,40.14378309443557,669.4,198.04656018219552,803.0,425.0,860.0,0.02233235530490834,0.008937586392419915,0.020578814670443535,0.0033201808109879494,0.08298766613006592,0.13073544409320667,0.06183732579953934,0.11611635242170794,0.013885928606053997,0.59303659921313,0.20511389,0.37068456,0.10606408,0.0,11.709492,1.1368439,1.1282564,0.7746423,0.0005005151,10.644975
130663,18,8135.8821976184845,52160.49247717857,100976,60296.37467479706,96937920,79361,100873,1838.2399876795168,1.9148333204994967,4.0,3.9958802499579114,7259.055555555556,7928.681356472156,2909.5,2565,27001,497.05555555555554,157.47750182247276,431.0,385.0,858.0,122.55555555555556,38.56195912240488,107.0,91,213,28.063213953647747,2.9818471877229817,27.85378109292684,21.53633018019136,32.99158392606989,497.05555555555554,157.47750182247276,431.0,385.0,858.0,0.022290328655778416,0.009349043904812714,0.020890237763524055,0.005524054169654846,0.10805048793554306,0.12144253423116554,0.05748059879215332,0.11010011540805657,0.026349319194221177,0.7265027621357367,0.2037096,0.36415815,0.10492504,0.0,9.654165,1.1052465,1.1493067,0.7217342,0.0004393756,9.9603195
142800,18,8220.471808671951,52701.08743596077,102017,60921.55924463272,97937280,79614,101914,1848.6298915018904,1.9256561369811358,4.0,3.995922288223647,7933.333333333333,7235.562590427921,6453.5,2554,27001,608.7222222222222,191.0403696591539,538.0,425.0,864.0,152.38888888888889,46.55240641696062,145.0,104,216,33.34342085319446,8.917425698277516,35.564522940090924,20.828038641332604,51.7418123565602,608.7222222222222,191.0403696591539,538.0,425.0,864.0,0.018048404866926136,0.007760538575151601,0.016510937362909317,0.0023593881633132696,0.08071562647819519,0.10185266851895639,0.050380621807393465,0.09230504807357354,0.016703647763826532,0.8021972012425456,0.18791275,0.3304952,0.09900856,0.0,10.904098,1.0196358,1.0784014,0.68035793,0.00046691298,10.337475
103880,10,8307.42719745636,53242.392365694046,103058,61549.819563150406,98936640,79869,102955,1846.205244227919,1.9231304627374155,4.0,3.9959634772314887,10388.0,6750.609187325244,9326.0,2853,27001,615.4,190.94512300658533,566.5,426.0,861.0,151.0,46.48440598738463,140.5,104,213,31.19375190941169,8.92662904359855,26.152540424144796,24.4140362419916,47.8165013586903,615.4,190.94512300658533,566.5,426.0,861.0,0.020565125911418746,0.00933632571912347,0.018556758761405945,0.005759805906563997,0.08963056653738022,0.11622787028206732,0.053201948162229895,0.104112240300195,0.03499097026861132,0.4302803290363566,0.19734806,0.34509778,0.10445911,0.0,10.351461,1.0798415,1.1556605,0.715688,0.00019559263,10.364152
128689,16,8395.602436065674,53783.54998755455,104099,62179.152423620224,99936000,80109,103996,1846.7077975621826,1.92365395579394,4.0,3.996003842459174,8043.0625,9340.693814358425,3523.0,2469,27001,483.0,141.48056403619543,429.0,413.0,855.0,121.6875,34.401523857963035,105.5,101,210,22.7116406349909,4.897320392196001,23.221734551854013,17.06185657564181,35.324994634914155,483.0,141.48056403619543,429.0,413.0,855.0,0.020140620857462873,0.00902120832252632,0.018122946843504906,0.006451850291341543,0.13320763409137726,0.11373933777114693,0.054148911889520764,0.10058068652184853,0.037672892155992864,0.5821030888699061,0.1943621,0.35144454,0.10121733,0.0,10.35391,1.0778973,1.169778,0.7032008,0.00035190582,10.078488
130266,13,8484.568853616714,54325.12120342255,105140,62809.69005703926,100935360,80360,105037,1845.2974802183471,1.922184875227445,4.0,3.9960434083754195,10020.461538461539,9621.007564502432,5068.0,2587,27001,495.0,156.78157270056178,431.0,412.0,863.0,122.76923076923077,39.15679299776506,107.0,100,215,28.435331982545556,7.952890142694528,30.757511624268105,19.018682340250578,42.87879386436589,495.0,156.78157270056178,431.0,412.0,863.0,0.019222451389814644,0.008608773875095177,0.01747492328286171,0.003539242083206773,0.10015376657247543,0.10846223920324743,0.05249798174451969,0.0969793260813825,0.01954312304077173,0.8303848396210691,0.1899328,0.32216242,0.10058391,0.0,10.182507,1.0327561,1.0778095,0.6903613,0.0002385974,10.155146
