Diagnostics/StepsInEval,Diagnostics/TrajsInEval,Diagnostics/CumEvalTime,Diagnostics/CumTrainTime,Diagnostics/Iteration,Diagnostics/CumTime (s),Diagnostics/CumSteps,Diagnostics/CumCompletedTrajs,Diagnostics/CumUpdates,Diagnostics/StepsPerSecond,Diagnostics/UpdatesPerSecond,Diagnostics/ReplayRatio,Diagnostics/CumReplayRatio,LengthAverage,LengthStd,LengthMedian,LengthMin,LengthMax,ReturnAverage,ReturnStd,ReturnMedian,ReturnMin,ReturnMax,NonzeroRewardsAverage,NonzeroRewardsStd,NonzeroRewardsMedian,NonzeroRewardsMin,NonzeroRewardsMax,DiscountedReturnAverage,DiscountedReturnStd,DiscountedReturnMedian,DiscountedReturnMin,DiscountedReturnMax,GameScoreAverage,GameScoreStd,GameScoreMedian,GameScoreMin,GameScoreMax,lossAverage,lossStd,lossMedian,lossMin,lossMax,gradNormAverage,gradNormStd,gradNormMedian,gradNormMin,gradNormMax,tdAbsErrAverage,tdAbsErrStd,tdAbsErrMedian,tdAbsErrMin,tdAbsErrMax
786,6,3.423842668533325,0.041181325912475586,0,3.465023994445801,4,0,0,nan,nan,0.0,0.0,131.0,21.31509637166422,118.5,113,161,0.3333333333333333,0.4714045207910317,0.0,0.0,1.0,0.3333333333333333,0.4714045207910317,0.0,0,1,0.13185684935310243,0.188477654755196,0.0,0.0,0.44304798162617254,0.3333333333333333,0.4714045207910317,0.0,0.0,1.0,nan,nan,nan,nan,nan,nan,nan,nan,nan,nan,nan,nan,nan,nan,nan
690,6,5.885613679885864,3.143355131149292,249,9.028968811035156,1000,5,0,322.3546012515121,0.0,0.0,0.0,115.0,1.4142135623730951,114.0,114,117,0.0,0.0,0.0,0.0,0.0,0.0,0.0,0.0,0,0,0.0,0.0,0.0,0.0,0.0,0.0,0.0,0.0,0.0,0.0,nan,nan,nan,nan,nan,nan,nan,nan,nan,nan,nan,nan,nan,nan,nan
567,5,8.144099235534668,47.58138608932495,499,55.72548532485962,2000,10,250,22.503247296019563,5.625811824004891,8.0,4.0,113.4,0.4898979485566356,113.0,113,114,0.0,0.0,0.0,0.0,0.0,0.0,0.0,0.0,0,0,0.0,0.0,0.0,0.0,0.0,0.0,0.0,0.0,0.0,0.0,0.005410382528982154,0.008615675276215833,0.00018986166833201423,1.0913774531218223e-05,0.03396782651543617,0.0202977626399651,0.01614680671996777,0.013442458571799756,0.0021144465786017952,0.10257869773692761,0.022216376,0.09715229,0.007125859,6.5155327e-06,0.990174
635,5,11.481697797775269,91.64121127128601,749,103.12290906906128,3000,15,500,22.696413248807424,5.674103312201856,8.0,5.333333333333333,127.0,23.021728866442675,116.0,114,173,0.4,0.8,0.0,0.0,2.0,0.4,0.8,0.0,0,2,0.17983016729655027,0.35966033459310054,0.0,0.0,0.8991508364827514,0.4,0.8,0.0,0.0,2.0,0.0053192276766494614,0.00904075182596958,0.00017411853332305327,1.8036233086604625e-05,0.0462692566215992,0.02024121564508262,0.017397782204366503,0.012035991468103215,0.003537086665986922,0.092978869045092,0.020994792,0.09719538,0.007836869,1.4863908e-05,1.0
579,5,13.758915185928345,136.97105073928833,999,150.72996592521667,4000,20,750,22.060523746303705,5.515130936575926,8.0,6.0,115.8,1.16619037896906,116.0,114,117,0.0,0.0,0.0,0.0,0.0,0.0,0.0,0.0,0,0,0.0,0.0,0.0,0.0,0.0,0.0,0.0,0.0,0.0,0.0,0.0047197085709121895,0.008676705146983526,0.00014829823339823633,7.022832505754195e-06,0.04659054055809975,0.017680931568335573,0.016374126138844935,0.011019709541528833,0.0022366271773789376,0.11960956685938784,0.013917225,0.05451369,0.009223254,2.3983419e-05,0.9951271
807,7,16.07658100128174,182.79186725616455,1249,198.8684482574463,5000,26,1000,21.824141864248336,5.456035466062084,8.0,6.4,115.28571428571429,0.880630571852711,116.0,114,116,0.0,0.0,0.0,0.0,0.0,0.0,0.0,0.0,0,0,0.0,0.0,0.0,0.0,0.0,0.0,0.0,0.0,0.0,0.0,0.00425446675544299,0.0078354765133621,0.00014912876940798014,9.804025467019528e-06,0.031080743297934532,0.016223079805972176,0.015333406618688046,0.008735301503338802,0.0025097184495651848,0.08112929130985681,0.016785935,0.082744956,0.007027708,2.073124e-05,1.0
569,5,18.336704969406128,228.66943407058716,1499,247.0061390399933,6000,31,1250,21.797145520926545,5.449286380231636,8.0,6.666666666666667,113.8,1.4696938456699067,113.0,112,116,0.0,0.0,0.0,0.0,0.0,0.0,0.0,0.0,0,0,0.0,0.0,0.0,0.0,0.0,0.0,0.0,0.0,0.0,0.0,0.005034939330176712,0.008277390140838654,0.00019567315030144528,7.268063200172037e-06,0.03198375925421715,0.019049105412103758,0.016319149952543185,0.01188095410854173,0.0023663063032217948,0.08830224148482795,0.020475883,0.09859232,0.0072523206,6.020069e-06,1.0
616,5,21.114617586135864,274.54941391944885,1749,295.6640315055847,7000,37,1500,21.79599911103297,5.448999777758242,8.0,6.857142857142857,123.2,9.947864092356712,118.0,117,143,0.2,0.4,0.0,0.0,1.0,0.2,0.4,0.0,0,1,0.059277317479841586,0.11855463495968317,0.0,0.0,0.2963865873992079,0.2,0.4,0.0,0.0,1.0,0.004753299410729596,0.008724056375841944,0.00020547427993733436,6.85608756612055e-06,0.06138646602630615,0.018538805601621407,0.017139280928351798,0.011707953862003441,0.002071884583355478,0.09540029204167687,0.016699756,0.083267994,0.0067816973,4.8428774e-07,1.0
711,6,23.466675281524658,320.6741271018982,1999,344.14080238342285,8000,43,1750,21.68035161637611,5.420087904094028,8.0,7.0,118.5,1.707825127659933,119.0,115,120,0.0,0.0,0.0,0.0,0.0,0.0,0.0,0.0,0,0,0.0,0.0,0.0,0.0,0.0,0.0,0.0,0.0,0.0,0.0,0.003645302809810346,0.007162245794254738,0.00021145190839888528,2.7921112177864416e-06,0.031744394451379776,0.015479762301093176,0.015784084628656356,0.009228440156490533,0.0010535477067065244,0.08883182556359838,0.02086783,0.112823196,0.005169794,1.8030405e-06,1.0
694,6,25.770604848861694,366.7281320095062,2249,392.4987368583679,9000,50,2000,21.713638195118225,5.428409548779556,8.0,7.111111111111111,115.66666666666667,1.1055415967851334,115.5,114,117,0.0,0.0,0.0,0.0,0.0,0.0,0.0,0.0,0,0,0.0,0.0,0.0,0.0,0.0,0.0,0.0,0.0,0.0,0.0,0.004171181968464225,0.00755583631245831,0.0002559383137850091,6.830257007095497e-06,0.03190771862864494,0.01719037142265735,0.01590099443520265,0.010324078353782592,0.001956589392089956,0.08844778984139966,0.017616134,0.09434534,0.005539514,1.167506e-05,1.0
700,6,28.13216996192932,412.8904643058777,2499,441.022634267807,10000,55,2250,21.66268362655073,5.415670906637683,8.0,7.2,116.66666666666667,2.6874192494328497,116.5,113,120,0.0,0.0,0.0,0.0,0.0,0.0,0.0,0.0,0,0,0.0,0.0,0.0,0.0,0.0,0.0,0.0,0.0,0.0,0.0,0.004049274967197562,0.007433978376130549,0.0003228733839932829,6.4482719608349726e-06,0.03226847946643829,0.018122683944845827,0.01659388871454905,0.010618851730455441,0.0018274133070166811,0.10399915138055904,0.02179991,0.100436546,0.006566193,1.1175871e-05,1.0
697,6,30.43623447418213,458.68097734451294,2749,489.11721181869507,11000,62,2500,21.838584755673313,5.459646188918328,8.0,7.2727272727272725,116.16666666666667,1.674979270186815,116.0,113,118,0.0,0.0,0.0,0.0,0.0,0.0,0.0,0.0,0,0,0.0,0.0,0.0,0.0,0.0,0.0,0.0,0.0,0.0,0.0,0.004485123052420022,0.007627604047237293,0.000395822266000323,3.455535988905467e-06,0.031709711998701096,0.020336536592379325,0.018320791982333124,0.011783227986837397,0.001022903737712361,0.09354339547376958,0.016327906,0.07925682,0.0050451607,3.2037497e-06,1.0
960,5,34.166762828826904,504.9997510910034,2999,539.1665139198303,12000,67,2750,21.589518009979027,5.397379502494757,8.0,7.333333333333333,192.0,2.1908902300206643,192.0,188,194,2.0,0.0,2.0,2.0,2.0,2.0,0.0,2.0,2,2,1.1734461465957957,0.02620273820669326,1.1717532600552805,1.1484353701801804,1.2198189955580603,2.0,0.0,2.0,2.0,2.0,0.004124568100677606,0.007666411990227368,0.0004540155496215448,3.453779982010019e-06,0.031805798411369324,0.020751266935740594,0.01862482666547193,0.013139304486110857,0.001788064314693357,0.10212670511050326,0.019548286,0.09116342,0.0064042285,7.987022e-06,1.0
585,5,36.55074739456177,551.6639857292175,3249,588.2147331237793,13000,74,3000,21.42968823453248,5.35742205863312,8.0,7.384615384615385,117.0,2.280350850198276,117.0,114,120,0.0,0.0,0.0,0.0,0.0,0.0,0.0,0.0,0,0,0.0,0.0,0.0,0.0,0.0,0.0,0.0,0.0,0.0,0.0,0.0034026101797589945,0.007027409873871749,0.0004610459291143343,1.743352868288639e-06,0.033063165843486786,0.01758662696231772,0.016770168915451297,0.011220005248625731,0.0005277822081979013,0.08376658805584106,0.01829771,0.091984086,0.00504639,2.115965e-06,1.0
574,5,38.84919214248657,598.349063873291,3499,637.1982560157776,14000,80,3250,21.420120512895547,5.355030128223887,8.0,7.428571428571429,114.8,1.16619037896906,115.0,113,116,0.0,0.0,0.0,0.0,0.0,0.0,0.0,0.0,0,0,0.0,0.0,0.0,0.0,0.0,0.0,0.0,0.0,0.0,0.0,0.004497823154731123,0.007684457791262954,0.0005668058583978564,3.3949711450986797e-06,0.032668329775333405,0.021347449199070993,0.01899401174658225,0.01472152004882352,0.001752478662440706,0.10359597712789916,0.017542763,0.07528802,0.0062271655,2.6077032e-06,1.0
684,6,41.158512592315674,644.8735022544861,3749,686.0320148468018,15000,85,3500,21.49407998881282,5.373519997203205,8.0,7.466666666666667,114.0,1.5275252316519468,113.5,112,116,0.0,0.0,0.0,0.0,0.0,0.0,0.0,0.0,0,0,0.0,0.0,0.0,0.0,0.0,0.0,0.0,0.0,0.0,0.0,0.00480438039460023,0.0077371905975291795,0.0005468341405503452,4.758470367960399e-06,0.03237413242459297,0.022772223143223285,0.018292700009396617,0.01708332575464292,0.0018502203640953301,0.10154791458094091,0.013916157,0.06651248,0.005428806,2.041459e-06,1.0
578,5,43.46129012107849,691.3830418586731,3999,734.8443319797516,16000,90,3750,21.500965361307838,5.375241340326959,8.0,7.5,115.6,1.3564659966250536,116.0,114,117,0.0,0.0,0.0,0.0,0.0,0.0,0.0,0.0,0,0,0.0,0.0,0.0,0.0,0.0,0.0,0.0,0.0,0.0,0.0,0.004503528018325596,0.007573644068207735,0.0005205119377933443,3.2845564419403672e-06,0.031662411987781525,0.021454499208450828,0.01829311552969041,0.013284980843740923,0.0020152791091147654,0.08467582988317483,0.017376496,0.08002312,0.00644131,3.516674e-06,1.0
571,5,45.7197163105011,737.8735854625702,4249,783.5933017730713,17000,95,4000,21.509750639185352,5.377437659796338,8.0,7.529411764705882,114.2,0.7483314773547882,114.0,113,115,0.0,0.0,0.0,0.0,0.0,0.0,0.0,0.0,0,0,0.0,0.0,0.0,0.0,0.0,0.0,0.0,0.0,0.0,0.0,0.004113714760229413,0.00779499509760913,0.0006151840789243579,3.57152975993813e-06,0.047978341579437256,0.020934447750567423,0.018882908178344,0.01383540473643778,0.001732131586935026,0.11065210377912046,0.021776542,0.09826701,0.0062438324,1.0669231e-05,1.0
688,6,47.98071599006653,787.2021539211273,4499,835.1828699111938,18000,100,4250,20.272228269509572,5.068057067377393,8.0,7.555555555555555,114.66666666666667,1.1055415967851334,114.5,113,116,0.0,0.0,0.0,0.0,0.0,0.0,0.0,0.0,0,0,0.0,0.0,0.0,0.0,0.0,0.0,0.0,0.0,0.0,0.0,0.005416262195923991,0.008136030447765511,0.0011708088568411767,4.68824237032095e-06,0.047844067215919495,0.02619007963241151,0.019709456788238815,0.02029587257022057,0.002083154537593123,0.12220019933859326,0.026283694,0.116045155,0.006488219,2.0712614e-06,1.0
572,5,50.25329399108887,833.6697549819946,4749,883.9230489730835,19000,105,4500,21.520370692046548,5.380092673011637,8.0,7.578947368421052,114.4,0.8,115.0,113,115,0.0,0.0,0.0,0.0,0.0,0.0,0.0,0.0,0,0,0.0,0.0,0.0,0.0,0.0,0.0,0.0,0.0,0.0,0.0,0.006499711069140176,0.00984647496197865,0.0008552164654247463,8.58352541399654e-06,0.04724830016493797,0.030408740422434136,0.02417170903413235,0.024030270310193128,0.0030029124207543163,0.14991099546540895,0.02164217,0.088614576,0.0074576586,6.7204237e-06,1.0
570,5,52.525338888168335,880.3262178897858,4999,932.8515567779541,20000,111,4750,21.433257852750998,5.3583144631877495,8.0,7.6,114.0,1.2649110640673518,115.0,112,115,0.0,0.0,0.0,0.0,0.0,0.0,0.0,0.0,0,0,0.0,0.0,0.0,0.0,0.0,0.0,0.0,0.0,0.0,0.0,0.004747594621549069,0.008208945994036166,0.0007465725357178599,3.1574227250530384e-06,0.033038098365068436,0.02418176207000972,0.021542381431555284,0.015303942389135492,0.0019032323933191968,0.11726295613902706,0.023756348,0.10368631,0.006408818,6.6652894e-05,1.0
946,5,56.19313383102417,927.2266926765442,5249,983.4198265075684,21000,117,5000,21.321745772226883,5.330436443056721,8.0,7.619047619047619,189.2,0.4,189.0,189,190,2.0,0.0,2.0,2.0,2.0,2.0,0.0,2.0,2,2,1.2052055639912749,0.004830483222409932,1.2076208056024798,1.195544597546455,1.2076208056024798,2.0,0.0,2.0,2.0,2.0,0.005317005706845521,0.008351528249508485,0.0008179736905731261,3.481002750049811e-06,0.03338831663131714,0.026159325849873086,0.020825159357277665,0.018507954726992907,0.0015389726817803741,0.11242631095382896,0.024007317,0.099675216,0.008004032,1.9535422e-05,1.0
566,5,58.41500782966614,974.0188889503479,5499,1032.433896780014,22000,122,5250,21.371084916564243,5.342771229141061,8.0,7.636363636363637,113.2,0.4,113.0,113,114,0.0,0.0,0.0,0.0,0.0,0.0,0.0,0.0,0,0,0.0,0.0,0.0,0.0,0.0,0.0,0.0,0.0,0.0,0.0,0.00448014939766108,0.007424174789687991,0.0007775408739689738,6.154004495328991e-06,0.03382008895277977,0.02308262278918225,0.019551326385196726,0.01625949626675941,0.0023769663996879384,0.1156298287662988,0.016104333,0.07565454,0.006291114,6.362796e-06,1.0
1824,7,63.834120988845825,1020.4028644561768,5749,1084.2369854450226,23000,127,5500,21.5591697152896,5.3897924288224,8.0,7.6521739130434785,260.57142857142856,43.05430837195919,288.0,192,288,3.4285714285714284,0.9035079029052513,4.0,2.0,4.0,3.4285714285714284,0.9035079029052513,4.0,2,4,1.4369615929714503,0.1738208971382127,1.4869939271917632,1.1669998596352233,1.5926141532637992,3.4285714285714284,0.9035079029052513,4.0,2.0,4.0,0.005372295121528623,0.008695325756259411,0.0009370863845106214,2.64955815509893e-06,0.04713413119316101,0.027941064057297547,0.022782974076756505,0.020081587678556445,0.0014465714617412976,0.1429255969561888,0.021934962,0.09321784,0.0067540705,2.515316e-05,1.0
572,5,66.11347842216492,1066.9539394378662,5999,1133.0674178600311,24000,132,5750,21.481781041433376,5.370445260358344,8.0,7.666666666666667,114.4,1.019803902718557,114.0,113,116,0.0,0.0,0.0,0.0,0.0,0.0,0.0,0.0,0,0,0.0,0.0,0.0,0.0,0.0,0.0,0.0,0.0,0.0,0.0,0.004787287886747435,0.007600702219307587,0.0009408760233782232,5.6171288633777294e-06,0.033175863325595856,0.02479078714744533,0.02036430331578653,0.016914355014126047,0.0023481595721625,0.1007257837848785,0.01928984,0.08921872,0.0060049817,2.2351742e-07,1.0
590,5,68.46042490005493,1113.5366415977478,6249,1181.9970664978027,25000,137,6000,21.467196054187465,5.366799013546866,8.0,7.68,118.0,2.0976176963403033,119.0,114,120,0.0,0.0,0.0,0.0,0.0,0.0,0.0,0.0,0,0,0.0,0.0,0.0,0.0,0.0,0.0,0.0,0.0,0.0,0.0,0.00450210322182329,0.007340789000636428,0.0009363040735479444,9.82443111752218e-07,0.032280806452035904,0.024878503102499252,0.020706088492771807,0.016743402414427157,0.0008850252171612293,0.11838893032664662,0.021848686,0.09656552,0.0061216876,1.9729137e-05,1.0
955,5,72.11345934867859,1160.2425076961517,6499,1232.3559670448303,26000,143,6250,21.41058679638044,5.35264669909511,8.0,7.6923076923076925,191.0,0.0,191.0,191,191,2.0,0.0,2.0,2.0,2.0,2.0,0.0,2.0,2,2,1.187852470934624,0.0034809856838099295,1.1906946838437134,1.1835891515709904,1.1906946838437134,2.0,0.0,2.0,2.0,2.0,0.004761175151448697,0.0077750394336055535,0.0009980445611290634,3.7976997191435657e-06,0.03318580985069275,0.025996359180483777,0.021974815191075307,0.017482768956241235,0.002039806327947559,0.11781541183969249,0.018784309,0.08491481,0.005742632,4.723668e-06,1.0
1150,6,75.8337869644165,1206.964512348175,6749,1282.7982993125916,27000,148,6500,21.40319122537253,5.350797806343133,8.0,7.703703703703703,191.66666666666666,1.699673171197595,191.0,190,194,2.0,0.0,2.0,2.0,2.0,2.0,0.0,2.0,2,2,1.1782368460323263,0.021829556013138154,1.187141917707352,1.1484353701801804,1.2027219028724376,2.0,0.0,2.0,2.0,2.0,0.005283385445560725,0.008032215459349495,0.0011504676658660173,1.692075670689519e-06,0.03430371358990669,0.02891498999359237,0.02223047211833203,0.020722586085238092,0.001259091859533348,0.12347556099387119,0.030335724,0.12637027,0.0074303,1.719594e-05,1.0
1147,6,79.5224347114563,1253.5879209041595,6999,1333.1103556156158,28000,155,6750,21.448453276409836,5.362113319102459,8.0,7.714285714285714,191.16666666666666,2.1921577396609844,190.5,188,194,2.0,0.0,2.0,2.0,2.0,2.0,0.0,2.0,2,2,1.1854242351732862,0.025450133272501434,1.1931196406950841,1.1484353701801804,1.2198189955580603,2.0,0.0,2.0,2.0,2.0,0.005469195518304332,0.007882998680582343,0.0013224915019236505,3.4149770726799034e-06,0.034288618713617325,0.029559169766719427,0.021217907756903586,0.022536252519491165,0.0020603885020520746,0.10727004615959106,0.01895546,0.07112952,0.0072908252,2.1457672e-05,1.0
1147,5,84.9874165058136,1299.9315185546875,7249,1384.918935060501,29000,160,7000,21.57795360517523,5.394488401293808,8.0,7.724137931034483,229.4,47.03445545554876,192.0,190,287,2.8,0.9797958971132712,2.0,2.0,4.0,2.8,0.9797958971132712,2.0,2,4,1.3319596135811398,0.17842844416393874,1.2027219028724376,1.1717532600552805,1.5926141532637992,2.8,0.9797958971132712,2.0,2.0,4.0,0.005314593610975862,0.008010084649269453,0.0012429243652150035,4.482351414480945e-06,0.03381139412522316,0.030208023100151544,0.023038248390586016,0.022209835965911202,0.0019269228918914847,0.12818403201206774,0.023524601,0.09727977,0.0073542595,6.735325e-06,1.0
580,5,87.32915496826172,1346.5071651935577,7499,1433.8363201618195,30000,167,7250,21.470448016613012,5.367612004153253,8.0,7.733333333333333,116.0,2.0976176963403033,117.0,113,118,0.0,0.0,0.0,0.0,0.0,0.0,0.0,0.0,0,0,0.0,0.0,0.0,0.0,0.0,0.0,0.0,0.0,0.0,0.0,0.005585696745465611,0.008064702511981861,0.0012875618995167315,8.539936970919371e-07,0.04879403114318848,0.03091150959624776,0.02248404201449884,0.022536337219206604,0.0007756429949514746,0.13739727343526204,0.025892708,0.10299113,0.008160323,1.1920929e-06,1.0
698,6,89.67886638641357,1393.0357184410095,7749,1482.714584827423,31000,173,7500,21.492179107347738,5.3730447768369345,8.0,7.741935483870968,116.33333333333333,1.699673171197595,117.0,114,118,0.0,0.0,0.0,0.0,0.0,0.0,0.0,0.0,0,0,0.0,0.0,0.0,0.0,0.0,0.0,0.0,0.0,0.0,0.0,0.005933904421810439,0.008634892225107164,0.001316893962211907,5.520691047422588e-06,0.04847877100110054,0.03221652047033394,0.023414673597944004,0.025922788677285195,0.0019762856376708427,0.14727016579590718,0.022559652,0.09166253,0.0075588226,2.3841858e-07,1.0
757,5,93.07634329795837,1439.8129889965057,7999,1532.889332294464,32000,179,7750,21.377904014592026,5.344476003648007,8.0,7.75,151.4,27.288092641296863,173.0,117,175,1.2,0.9797958971132713,2.0,0.0,2.0,1.2,0.9797958971132713,2.0,0,2,0.5359118815604494,0.43761899518109293,0.8812577348367447,0.0,0.8991508364827514,1.2,0.9797958971132713,2.0,0.0,2.0,0.005071112693074155,0.007772190179478153,0.001162900880444795,1.4217388297765865e-06,0.033597081899642944,0.028537874245836377,0.022071735386303568,0.02104999642937334,0.001723851304129282,0.11424992383447344,0.021090513,0.096086636,0.0059762597,6.4074993e-06,1.0
587,5,95.41657447814941,1486.3695237636566,8249,1581.786098241806,33000,185,8000,21.47926182653901,5.369815456634752,8.0,7.757575757575758,117.4,1.624807680927192,118.0,115,119,0.0,0.0,0.0,0.0,0.0,0.0,0.0,0.0,0,0,0.0,0.0,0.0,0.0,0.0,0.0,0.0,0.0,0.0,0.0,0.005624288363662345,0.008019861857009572,0.0012573052663356066,8.193518624466378e-06,0.033149365335702896,0.03119945320353753,0.022980238148222278,0.023634464819202783,0.0031454861446660754,0.12268031495754411,0.029642489,0.11665399,0.007702887,1.0728836e-06,1.0
701,6,97.74569439888,1532.9374012947083,8499,1630.6830956935883,34000,189,8250,21.47403001850785,5.368507504626963,8.0,7.764705882352941,116.83333333333333,1.3437096247164246,117.0,114,118,0.0,0.0,0.0,0.0,0.0,0.0,0.0,0.0,0,0,0.0,0.0,0.0,0.0,0.0,0.0,0.0,0.0,0.0,0.0,0.004823877961593098,0.007292209260670468,0.0011847956920973957,2.6901066121354233e-06,0.03294263780117035,0.02716766529352644,0.021764686850660415,0.018142061342408443,0.0021537059578516145,0.12396459362243045,0.023394387,0.102691986,0.006370038,1.50203705e-05,1.0
577,5,100.07388615608215,1579.9791617393494,8749,1680.0530478954315,35000,195,8500,21.257707844008156,5.314426961002039,8.0,7.771428571428571,115.4,1.4966629547095764,115.0,114,118,0.0,0.0,0.0,0.0,0.0,0.0,0.0,0.0,0,0,0.0,0.0,0.0,0.0,0.0,0.0,0.0,0.0,0.0,0.0,0.006350426610715658,0.009091728089192437,0.0013753324165008962,5.162644356460078e-06,0.045761920511722565,0.03485452895733458,0.026187435969800475,0.026947142944116362,0.0018703921799426066,0.14374633522586083,0.026404439,0.10973408,0.0073643476,4.053116e-06,1.0
820,7,102.4232234954834,1626.4229156970978,8999,1728.8461391925812,36000,201,8750,21.531420584773073,5.382855146193268,8.0,7.777777777777778,117.14285714285714,1.9587584572574412,118.0,114,119,0.0,0.0,0.0,0.0,0.0,0.0,0.0,0.0,0,0,0.0,0.0,0.0,0.0,0.0,0.0,0.0,0.0,0.0,0.0,0.005320077185071569,0.007963191428927716,0.0012640171917155385,1.0264119737257715e-05,0.03375125676393509,0.029617448797439275,0.022392969729757635,0.022667110466797556,0.003494602373130914,0.12581116099920744,0.027259478,0.111608535,0.007376522,2.810359e-05,1.0
570,5,104.67776775360107,1672.9160792827606,9249,1777.5938470363617,37000,206,9000,21.508538522174717,5.377134630543679,8.0,7.783783783783784,114.0,0.6324555320336759,114.0,113,115,0.0,0.0,0.0,0.0,0.0,0.0,0.0,0.0,0,0,0.0,0.0,0.0,0.0,0.0,0.0,0.0,0.0,0.0,0.0,0.005146480506555235,0.007976510654174393,0.001328192709479481,5.8803943829843774e-06,0.03448902443051338,0.03135786139148608,0.023793969145800287,0.023164779545314748,0.0022139449936150442,0.13472108091734106,0.024681775,0.09831789,0.009035677,1.1622906e-05,1.0
946,5,108.41025638580322,1719.9447202682495,9499,1828.3549766540527,38000,212,9250,21.26363805215122,5.315909513037805,8.0,7.7894736842105265,189.2,1.6,188.0,188,192,2.0,0.0,2.0,2.0,2.0,2.0,0.0,2.0,2,2,1.2014119541570336,0.01753798270196763,1.2148706089620582,1.1717532600552805,1.2148706089620582,2.0,0.0,2.0,2.0,2.0,0.004801726769124343,0.007540857676534377,0.001325086923316121,1.5220789464365225e-06,0.04607519507408142,0.028017973535253957,0.02424450870464027,0.01770329298826146,0.0016741764084713948,0.14879846022228288,0.022105759,0.09723638,0.007160902,1.347065e-05,1.0
571,5,110.72506737709045,1766.7928674221039,9749,1877.5179347991943,39000,218,9500,21.345561366939275,5.336390341734819,8.0,7.794871794871795,114.2,2.4,113.0,112,118,0.0,0.0,0.0,0.0,0.0,0.0,0.0,0.0,0,0,0.0,0.0,0.0,0.0,0.0,0.0,0.0,0.0,0.0,0.0,0.005277802103579234,0.008165657142536814,0.0014046765281818807,1.605543729965575e-06,0.04619702696800232,0.030930386440677013,0.02415770420607281,0.023530869436623407,0.0015473303622214319,0.1400334608689233,0.026530055,0.10298839,0.0069271624,3.3527613e-05,1.0
1064,5,116.14230108261108,1813.4158143997192,9999,1929.5581154823303,40000,223,9750,21.448665621246995,5.362166405311749,8.0,7.8,212.8,37.615954062073186,195.0,192,288,2.4,0.8,2.0,2.0,4.0,2.4,0.8,2.0,2,4,1.220326034628576,0.13372750302265318,1.1553298610388711,1.1437765624284824,1.4869939271917632,2.4,0.8,2.0,2.0,4.0,0.005282699830995625,0.008015720948438873,0.0014114800724200904,2.1932648905931273e-06,0.048367612063884735,0.030820243527427023,0.023952402340392167,0.023510443609420763,0.0016236613852449184,0.15799774780220024,0.024690619,0.107620806,0.006890759,1.2427568e-05,1.0
681,6,118.40320372581482,1859.993765115738,10249,1978.3969688415527,41000,229,10000,21.469385935351784,5.367346483837946,8.0,7.804878048780488,113.5,1.118033988749895,113.0,112,115,0.0,0.0,0.0,0.0,0.0,0.0,0.0,0.0,0,0,0.0,0.0,0.0,0.0,0.0,0.0,0.0,0.0,0.0,0.0,0.006101946603266697,0.008305768475193178,0.0015982313198037446,2.5856156753434334e-06,0.03524366766214371,0.03467799429658952,0.02448552640721228,0.028875308233843832,0.002526224080110194,0.13267018785134654,0.02776841,0.11994085,0.0064151883,6.198883e-06,1.0
816,7,120.73197960853577,1906.4568800926208,10499,2027.1888597011566,42000,234,10250,21.522448516366925,5.380612129091731,8.0,7.809523809523809,116.57142857142857,2.3819045715047236,117.0,113,119,0.0,0.0,0.0,0.0,0.0,0.0,0.0,0.0,0,0,0.0,0.0,0.0,0.0,0.0,0.0,0.0,0.0,0.0,0.0,0.005462587132619774,0.007847856608351357,0.001427632465492934,1.0833548458322184e-06,0.03412880748510361,0.029322398398251858,0.02308495046426451,0.02301448791032602,0.0012943727189708744,0.12261961419887205,0.021646462,0.0990888,0.005162984,1.4156103e-05,1.0
690,6,122.96474385261536,1952.9740779399872,10749,2075.9388217926025,43000,239,10500,21.497425603348486,5.374356400837121,8.0,7.813953488372093,115.0,1.0,115.0,114,116,0.0,0.0,0.0,0.0,0.0,0.0,0.0,0.0,0,0,0.0,0.0,0.0,0.0,0.0,0.0,0.0,0.0,0.0,0.0,0.005596406350039615,0.008228294197314244,0.0014789491542614996,5.502999556483701e-06,0.04585672542452812,0.03193318326990969,0.02404088840518466,0.023985663899774516,0.0031058182298765815,0.15336145077732805,0.023735657,0.0988533,0.0074182004,3.9875507e-05,1.0
927,8,125.24450373649597,1999.232899427414,10999,2124.47740316391,44000,244,10750,21.617498411017714,5.404374602754428,8.0,7.818181818181818,115.875,1.3635890143294642,116.5,113,117,0.0,0.0,0.0,0.0,0.0,0.0,0.0,0.0,0,0,0.0,0.0,0.0,0.0,0.0,0.0,0.0,0.0,0.0,0.0,0.005048281276311173,0.0074080706263141265,0.0015435601235367358,4.592585810314631e-06,0.03446769341826439,0.028980949977903236,0.021594068441225512,0.02242665745215618,0.0023723377807743267,0.1088966469476866,0.017616859,0.07559007,0.0059401095,2.8640032e-05,1.0
695,6,127.49684476852417,2045.4371891021729,11249,2172.934033870697,45000,250,11000,21.643012089119793,5.410753022279948,8.0,7.822222222222222,115.83333333333333,0.8975274678557508,115.5,115,117,0.0,0.0,0.0,0.0,0.0,0.0,0.0,0.0,0,0,0.0,0.0,0.0,0.0,0.0,0.0,0.0,0.0,0.0,0.0,0.006072232629190694,0.008761572334923015,0.001654039486311376,4.005827577202581e-06,0.035512275993824005,0.035273966967797325,0.02698224063582922,0.02878422332945952,0.0026561551069941795,0.13730021803783152,0.030876527,0.11856259,0.008801922,3.516674e-06,1.0
1056,5,132.78594660758972,2091.753710269928,11499,2224.5396568775177,46000,257,11250,21.590568004407576,5.397642001101894,8.0,7.826086956521739,211.2,37.938898244414005,193.0,190,287,2.4,0.8,2.0,2.0,4.0,2.4,0.8,2.0,2,4,1.25650486488899,0.16895036271998423,1.1835891515709904,1.1437765624284824,1.5926141532637992,2.4,0.8,2.0,2.0,4.0,0.006025192769054229,0.008350469831044349,0.0016783964238129556,3.5771624879998853e-06,0.035215917974710464,0.033687153535150394,0.02498219300535611,0.026682822652312522,0.0021086819348526773,0.14494743315713726,0.0199934,0.08358488,0.007119328,7.033348e-06,1.0
809,7,135.06702208518982,2137.8007571697235,11749,2272.8677792549133,47000,262,11500,21.716919266856188,5.429229816714047,8.0,7.829787234042553,115.57142857142857,1.4982983545287878,116.0,113,117,0.0,0.0,0.0,0.0,0.0,0.0,0.0,0.0,0,0,0.0,0.0,0.0,0.0,0.0,0.0,0.0,0.0,0.0,0.0,0.005344751084797281,0.007549453045743008,0.001798757293727249,1.5304890439438168e-06,0.050484709441661835,0.032979109526181945,0.02511434504808277,0.025708916550413664,0.0013325552110155618,0.17589295406685426,0.022378728,0.09544887,0.0068312287,2.476573e-05,1.0
575,5,137.29580330848694,2183.836681365967,11999,2321.1324846744537,48000,267,11750,21.722166274693883,5.430541568673471,8.0,7.833333333333333,115.0,0.8944271909999159,115.0,114,116,0.0,0.0,0.0,0.0,0.0,0.0,0.0,0.0,0,0,0.0,0.0,0.0,0.0,0.0,0.0,0.0,0.0,0.0,0.0,0.005326279290742605,0.007634040608430158,0.001722071145195514,4.104257186554605e-06,0.0333598256111145,0.035094063545243886,0.02610084041170965,0.025670200135029735,0.0023634447332884674,0.1228318548944161,0.022261608,0.0860528,0.0077714473,4.172325e-07,1.0
952,5,140.8546051979065,2229.7576472759247,12249,2370.612252473831,49000,274,12000,21.77654542286428,5.44413635571607,8.0,7.836734693877551,190.4,1.019803902718557,190.0,189,192,2.0,0.0,2.0,2.0,2.0,2.0,0.0,2.0,2,2,1.1936384843088759,0.009294971767150039,1.195544597546455,1.1787877370052762,1.2076208056024798,2.0,0.0,2.0,2.0,2.0,0.005845870519136952,0.00899157640480297,0.001719751162454486,8.426346539636143e-06,0.05118768662214279,0.034681107018336745,0.026633130188122967,0.02611547809412014,0.0031094270016000214,0.15454319570651842,0.027657753,0.11180718,0.007288128,6.3061714e-05,1.0
569,5,143.05281114578247,2275.6661920547485,12499,2418.719003200531,50000,280,12250,21.78243733966641,5.445609334916602,8.0,7.84,113.8,0.7483314773547882,114.0,113,115,0.0,0.0,0.0,0.0,0.0,0.0,0.0,0.0,0,0,0.0,0.0,0.0,0.0,0.0,0.0,0.0,0.0,0.0,0.0,0.0055554718492621755,0.009103122368877656,0.0016818363801576197,5.195799076318508e-06,0.04942610487341881,0.03224188982326012,0.027906396389713144,0.022756242367459795,0.0021780063889488502,0.15507197309211815,0.02507701,0.09840128,0.007316664,8.195639e-06,1.0
1105,7,146.39931106567383,2321.656792640686,12749,2468.05610370636,51000,287,12500,21.743573409775582,5.4358933524438955,8.0,7.8431372549019605,157.85714285714286,26.48680842246123,175.0,115,175,1.4285714285714286,0.9035079029052514,2.0,0.0,2.0,1.4285714285714286,0.9035079029052514,2.0,0,2,0.6320259679756759,0.39977408588509855,0.8812577348367447,0.0,0.8991508364827514,1.4285714285714286,0.9035079029052514,2.0,0.0,2.0,0.00580612221631236,0.008111241467665353,0.0017533847130835056,4.127529791730922e-06,0.036327049136161804,0.0345751391909638,0.02545232149856028,0.02650448075262197,0.0021465409114449496,0.1296720428999841,0.02540954,0.10505296,0.0070710033,2.7418137e-06,1.0
703,5,149.728209733963,2367.7683584690094,12999,2517.4965682029724,52000,291,12750,21.686533129737363,5.421633282434341,8.0,7.846153846153846,140.6,27.295420861382592,120.0,117,175,0.8,0.9797958971132713,0.0,0.0,2.0,0.8,0.9797958971132713,0.0,0,2,0.3183071550322532,0.39529024914177874,0.0,0.0,0.8991508364827514,0.8,0.9797958971132713,0.0,0.0,2.0,0.006449433596155813,0.009068337326792086,0.001757949881721288,1.352851654701226e-06,0.05409987270832062,0.034741975029699716,0.025558336336751343,0.026983102447078293,0.0012742295923486864,0.12259548627072644,0.02777286,0.11825561,0.0069455355,1.0371208e-05,1.0
1151,5,155.1076626777649,2413.897367477417,13249,2569.005030155182,53000,298,13000,21.678332604494873,5.419583151123718,8.0,7.849056603773585,230.2,48.87289637416633,194.0,188,291,2.8,0.9797958971132712,2.0,2.0,4.0,2.8,0.9797958971132712,2.0,2,4,1.3347809814817764,0.17407708964904597,1.2198189955580603,1.1484353701801804,1.5609211316138496,2.8,0.9797958971132712,2.0,2.0,4.0,0.00502287296490249,0.007417524768277914,0.0017907778965309262,4.711188012151979e-06,0.038307372480630875,0.030371545343496554,0.021592265389911675,0.023351949918392838,0.0018576428838043481,0.119181960163667,0.030294761,0.116610244,0.007136598,5.453825e-06,1.0
573,5,157.34180068969727,2459.9659938812256,13499,2617.307794570923,54000,303,13250,21.706746609604316,5.426686652401079,8.0,7.851851851851852,114.6,1.2,114.0,113,116,0.0,0.0,0.0,0.0,0.0,0.0,0.0,0.0,0,0,0.0,0.0,0.0,0.0,0.0,0.0,0.0,0.0,0.0,0.0,0.004561939229726704,0.006790544469504175,0.0016849455423653126,3.0772810077905888e-06,0.03319261595606804,0.029992276851207044,0.022351692395326903,0.021935267575236162,0.0016099528720464806,0.12525996241311085,0.019310147,0.07814648,0.0072959065,1.1831522e-05,1.0
693,6,159.62185096740723,2506.0314617156982,13749,2665.6533126831055,55000,309,13500,21.70823497534653,5.427058743836633,8.0,7.8545454545454545,115.5,1.8027756377319946,116.5,113,117,0.0,0.0,0.0,0.0,0.0,0.0,0.0,0.0,0,0,0.0,0.0,0.0,0.0,0.0,0.0,0.0,0.0,0.0,0.0,0.005832438827372243,0.008471225917213044,0.001799826044589281,4.791623723576777e-06,0.04904774948954582,0.0336425255456202,0.02530795493665568,0.023492208561704888,0.0022307778613304993,0.1333493406922738,0.025705526,0.09974349,0.0073171854,1.23381615e-05,1.0
574,5,161.8376476764679,2552.098739385605,13999,2713.9363870620728,56000,316,13750,21.707382128491794,5.4268455321229485,8.0,7.857142857142857,114.8,0.4,115.0,114,115,0.0,0.0,0.0,0.0,0.0,0.0,0.0,0.0,0,0,0.0,0.0,0.0,0.0,0.0,0.0,0.0,0.0,0.0,0.0,0.0053359401722045735,0.007969062933496342,0.001744525448884815,3.502126219245838e-06,0.03654327243566513,0.03251554564774727,0.024137944986188122,0.025878153200903586,0.0018316993123150928,0.121802258402711,0.025409577,0.10270095,0.0075015277,1.0728836e-06,1.0
569,5,164.05308556556702,2598.092726945877,14249,2762.145812511444,57000,322,14000,21.74197222385998,5.435493055964995,8.0,7.859649122807017,113.8,0.7483314773547882,114.0,113,115,0.0,0.0,0.0,0.0,0.0,0.0,0.0,0.0,0,0,0.0,0.0,0.0,0.0,0.0,0.0,0.0,0.0,0.0,0.0,0.005230463659506313,0.008094120375616496,0.001645427371840924,2.182556499974453e-06,0.049284737557172775,0.03184256159733527,0.02548216949857293,0.02144796492884886,0.001654308533831865,0.15707635301150888,0.022999654,0.09675143,0.006692007,4.053116e-06,1.0
576,5,166.2834610939026,2644.167176246643,14499,2810.4506373405457,58000,328,14250,21.704003307173004,5.426000826793251,8.0,7.862068965517241,115.2,0.7483314773547882,115.0,114,116,0.0,0.0,0.0,0.0,0.0,0.0,0.0,0.0,0,0,0.0,0.0,0.0,0.0,0.0,0.0,0.0,0.0,0.0,0.0,0.005182263247414084,0.008038596249856044,0.0015875216340646148,2.030487394222291e-06,0.03553137928247452,0.03015106296153854,0.025185198271463868,0.022539164625154928,0.0010576376884166637,0.12630594185773206,0.022349846,0.100171305,0.0062141716,1.7881393e-06,1.0
576,5,168.5461781024933,2690.2357590198517,14749,2858.781937122345,59000,335,14500,21.706767167614156,5.426691791903539,8.0,7.864406779661017,115.2,1.16619037896906,115.0,114,117,0.0,0.0,0.0,0.0,0.0,0.0,0.0,0.0,0,0,0.0,0.0,0.0,0.0,0.0,0.0,0.0,0.0,0.0,0.0,0.006092076313782855,0.00840632123989789,0.0017011043964885175,3.1535830657958286e-06,0.04719278961420059,0.034690029536360016,0.02734382978510971,0.02598815314200958,0.002817011583516364,0.18777704818883073,0.027337197,0.117262706,0.0066984743,5.930662e-06,1.0
697,6,170.8297336101532,2736.212215900421,14999,2907.0419495105743,60000,341,14750,21.75026237010054,5.437565592525135,8.0,7.866666666666666,116.16666666666667,1.4624940645653537,116.0,114,118,0.0,0.0,0.0,0.0,0.0,0.0,0.0,0.0,0,0,0.0,0.0,0.0,0.0,0.0,0.0,0.0,0.0,0.0,0.0,0.004950739542173324,0.008127880001289908,0.0016761401784606278,1.1647573501250008e-06,0.04881316050887108,0.03127465347324033,0.02633063753351425,0.02229123726900719,0.0013752100701170803,0.1809347746919697,0.020866908,0.093589425,0.006195724,8.34465e-07,1.0
572,5,173.04856848716736,2782.3684475421906,15249,2955.417016029358,61000,346,15000,21.66554687049111,5.416386717622777,8.0,7.868852459016393,114.4,0.8,115.0,113,115,0.0,0.0,0.0,0.0,0.0,0.0,0.0,0.0,0,0,0.0,0.0,0.0,0.0,0.0,0.0,0.0,0.0,0.0,0.0,0.005901932630224109,0.007724906120303056,0.0019186905701644719,5.497023266798351e-06,0.03467056527733803,0.03609271034311453,0.024248900433479628,0.03163712652358759,0.0025823474808013562,0.14487053017784818,0.0313478,0.1220664,0.009402573,3.874302e-06,1.0
564,5,175.23496317863464,2828.2603044509888,15499,3003.4952676296234,62000,352,15250,21.790358188977176,5.447589547244294,8.0,7.870967741935484,112.8,0.7483314773547882,113.0,112,114,0.0,0.0,0.0,0.0,0.0,0.0,0.0,0.0,0,0,0.0,0.0,0.0,0.0,0.0,0.0,0.0,0.0,0.0,0.0,0.005627140449487115,0.0071903828548990955,0.0019227915327064693,8.099064530142641e-07,0.033592015504837036,0.03498520695231977,0.025995424859517627,0.026833165999563,0.0006714260572460478,0.14670617110091513,0.026422245,0.098878026,0.007063374,6.1690807e-06,1.0
636,5,178.46619081497192,2874.0724787712097,15749,3052.5386695861816,63000,359,15500,21.828258859973207,5.457064714993302,8.0,7.873015873015873,127.2,22.973027662891976,116.0,114,173,0.4,0.8,0.0,0.0,2.0,0.4,0.8,0.0,0,2,0.17983016729655027,0.35966033459310054,0.0,0.0,0.8991508364827514,0.4,0.8,0.0,0.0,2.0,0.004887225820843242,0.006893870280439359,0.0019495480228215456,7.37516813842376e-07,0.03690677881240845,0.033768133639169876,0.02564682470055552,0.024859237506945898,0.0003443449952934742,0.1287551867921237,0.023298912,0.09354796,0.0068660825,3.477931e-05,1.0
638,5,181.7183244228363,2919.914255142212,15999,3101.632579565048,64000,365,15750,21.814163393383744,5.453540848345936,8.0,7.875,127.6,23.251666606933792,117.0,113,174,0.4,0.8,0.0,0.0,2.0,0.4,0.8,0.0,0,2,0.17803186562358478,0.35606373124716956,0.0,0.0,0.8901593281179239,0.4,0.8,0.0,0.0,2.0,0.004969432563904775,0.006901757307444803,0.002037677331827581,3.924209067918127e-06,0.03342416137456894,0.03171973526940912,0.02386489276293301,0.026093393080883216,0.002047854597749994,0.14130774072729005,0.023821488,0.10541433,0.006799817,2.1189451e-05,1.0
1004,7,185.04008841514587,2965.9565093517303,16249,3150.996597766876,65000,372,16000,21.719179852694253,5.429794963173563,8.0,7.876923076923077,143.42857142857142,28.21274860189041,120.0,118,176,0.8571428571428571,0.9897433186107869,0.0,0.0,2.0,0.8571428571428571,0.9897433186107869,0.0,0,2,0.3471930577526406,0.4050356025129932,0.0,0.0,0.8724451574883773,0.8571428571428571,0.9897433186107869,0.0,0.0,2.0,0.006510721453723818,0.00844114823518903,0.0022402650211006403,5.065774530521594e-06,0.03626086562871933,0.04051952097272724,0.030010061774038407,0.035307371087647865,0.0027098028119404934,0.16370985251388281,0.023983622,0.09938142,0.0072862655,6.4969063e-06,1.0
950,5,188.63560009002686,3011.9091742038727,16499,3200.5447742938995,66000,378,16250,21.761523585576768,5.440380896394192,8.0,7.878787878787879,190.0,1.4142135623730951,190.0,188,192,2.0,0.0,2.0,2.0,2.0,2.0,0.0,2.0,2,2,1.1970864685211977,0.016203356268794815,1.195544597546455,1.1717532600552805,1.2198189955580603,2.0,0.0,2.0,2.0,2.0,0.007003512224426231,0.008390989043892178,0.0023780486080795527,4.085537511855364e-06,0.039588313549757004,0.040208249343552015,0.02844099143863615,0.03118291989802515,0.0021127501630683254,0.15247587021610767,0.029115502,0.11424324,0.007782966,1.2516975e-06,1.0
1248,5,193.92983531951904,3057.7310149669647,16749,3251.6608502864838,67000,384,16500,21.8236540336779,5.455913508419475,8.0,7.880597014925373,249.6,46.62445710139691,287.0,192,288,3.2,0.9797958971132712,4.0,2.0,4.0,3.2,0.9797958971132712,4.0,2,4,1.415555832847226,0.20396422516327328,1.5766880117311612,1.1600357274547277,1.5926141532637992,3.2,0.9797958971132712,4.0,2.0,4.0,0.005405864208992171,0.007638707457227421,0.0020658436696976423,2.502829602235579e-06,0.03714662045240402,0.036231287799482245,0.024819539339403698,0.02722422650953697,0.0014452199489960581,0.14117670221782208,0.02357582,0.08597846,0.00821656,0.0,1.0
578,5,196.1682460308075,3103.663088798523,16999,3299.8313348293304,68000,389,16750,21.771279121147302,5.4428197802868254,8.0,7.882352941176471,115.6,0.4898979485566356,116.0,115,116,0.0,0.0,0.0,0.0,0.0,0.0,0.0,0.0,0,0,0.0,0.0,0.0,0.0,0.0,0.0,0.0,0.0,0.0,0.0,0.006640508536385824,0.00903117653038854,0.002226231968961656,4.681953669205541e-06,0.050347160547971725,0.0415242796241041,0.03063700693360844,0.03458962043110307,0.0021342073545115,0.2340849803186757,0.027500259,0.10576196,0.007837445,3.0398369e-06,1.0
930,8,198.4708034992218,3149.5642096996307,17249,3348.0350131988525,69000,395,17000,21.785960350608033,5.446490087652008,8.0,7.884057971014493,116.25,1.0897247358851685,117.0,114,117,0.0,0.0,0.0,0.0,0.0,0.0,0.0,0.0,0,0,0.0,0.0,0.0,0.0,0.0,0.0,0.0,0.0,0.0,0.0,0.006419452432322941,0.007847393122415504,0.002378751407377422,4.774550234287744e-06,0.03813032805919647,0.04082029447813537,0.029235826951306994,0.035535498960622726,0.002583391555303693,0.14832526413813552,0.027008003,0.109413475,0.0073544383,1.9669533e-06,1.0
1439,6,203.7901792526245,3195.5955877304077,17499,3399.385766983032,70000,400,17250,21.7243116061264,5.4310779015316,8.0,7.885714285714286,239.83333333333334,47.171377856586815,240.5,192,287,3.0,1.0,3.0,2.0,4.0,3.0,1.0,3.0,2,4,1.33416976180869,0.1680947605467007,1.340400902437872,1.1484353701801804,1.5020140678704679,3.0,1.0,3.0,2.0,4.0,0.00585797172099592,0.00801579125810974,0.002261018962599337,7.0727296588302124e-06,0.03424886241555214,0.03654085957862199,0.028143133695000162,0.027934900361966383,0.0024087648729457724,0.15405993779297616,0.025468849,0.09312601,0.00873217,1.7285347e-06,1.0
1449,6,209.19144201278687,3241.5199632644653,17749,3450.711405277252,71000,406,17500,21.77492863802574,5.443732159506435,8.0,7.887323943661972,241.5,48.856081163624516,241.5,190,291,3.0,1.0,3.0,2.0,4.0,3.0,1.0,3.0,2,4,1.339721454033467,0.1728170298976453,1.3374229453961417,1.1484353701801804,1.5298588010947338,3.0,1.0,3.0,2.0,4.0,0.006616221825903267,0.00893553430180916,0.0022288840264081955,6.206099897099193e-06,0.04498797655105591,0.04150938199203318,0.03100788265589833,0.0332888115606768,0.003321991506873094,0.17876333491366378,0.022329092,0.09235437,0.007430434,1.3411045e-05,1.0
696,6,211.45613813400269,3287.3807096481323,17999,3498.836847782135,72000,411,17750,21.805140100295958,5.4512850250739895,8.0,7.888888888888889,116.0,1.1547005383792515,116.5,114,117,0.0,0.0,0.0,0.0,0.0,0.0,0.0,0.0,0,0,0.0,0.0,0.0,0.0,0.0,0.0,0.0,0.0,0.0,0.0,0.005484225738626265,0.007278648343130822,0.00218217889778316,3.1331537684309296e-06,0.03477060794830322,0.03609201890819194,0.026689209872391956,0.029181848463037625,0.001878585502007058,0.15174053008143765,0.025231587,0.10909249,0.0075230747,7.0035458e-06,1.0
695,5,214.74752187728882,3333.47655916214,18249,3548.2240810394287,73000,419,18000,21.693927122356662,5.4234817805891655,8.0,7.890410958904109,139.0,29.024127893874777,118.0,114,175,0.8,0.9797958971132713,0.0,0.0,2.0,0.8,0.9797958971132713,0.0,0,2,0.31612729215492763,0.39142393214469307,0.0,0.0,0.8812577348367447,0.8,0.9797958971132713,0.0,0.0,2.0,0.0051999195613607295,0.007507134795039227,0.0021226598182693124,6.7951004893984646e-06,0.05263704061508179,0.033734106188426156,0.02338361005093071,0.027153143076366126,0.003675568558537999,0.13214880394085377,0.028445613,0.11027238,0.007418841,8.46386e-06,1.0
642,5,218.04961895942688,3380.05810046196,18499,3598.1077194213867,74000,425,18250,21.467731038858204,5.366932759714551,8.0,7.891891891891892,128.4,22.89628790874189,118.0,113,174,0.4,0.8,0.0,0.0,2.0,0.4,0.8,0.0,0,2,0.17803186562358478,0.35606373124716956,0.0,0.0,0.8901593281179239,0.4,0.8,0.0,0.0,2.0,0.005979107850442233,0.007988400656888921,0.0021649536211043596,6.523457159346435e-06,0.03840720281004906,0.0364350946247291,0.028600643808921956,0.028731225491783783,0.0023061529327319964,0.1662109326202397,0.025728364,0.101995036,0.007422462,2.3841858e-07,0.99690974
573,5,220.27401518821716,3425.6588830947876,18749,3645.9328982830048,75000,430,18500,21.92944818627094,5.482362046567735,8.0,7.8933333333333335,114.6,0.4898979485566356,115.0,114,115,0.0,0.0,0.0,0.0,0.0,0.0,0.0,0.0,0,0,0.0,0.0,0.0,0.0,0.0,0.0,0.0,0.0,0.0,0.0,0.006047566228611686,0.008637563426569034,0.002157493378035724,6.050389856682159e-06,0.05149960517883301,0.04036187234069976,0.030044427622779934,0.03182332244652507,0.002454004352893212,0.14742924419904438,0.026985267,0.09649277,0.008875474,8.195639e-06,1.0
576,5,222.5052032470703,3470.7139616012573,18999,3693.2191648483276,76000,435,18750,22.19505621006529,5.548764052516322,8.0,7.894736842105263,115.2,1.3266499161421599,115.0,113,117,0.0,0.0,0.0,0.0,0.0,0.0,0.0,0.0,0,0,0.0,0.0,0.0,0.0,0.0,0.0,0.0,0.0,0.0,0.0,0.006442335707150051,0.008122963971415759,0.0022670719772577286,7.79894799052272e-06,0.046027764678001404,0.040384737967002454,0.030578872803988688,0.030421585209323504,0.002197315730135782,0.22601581152758002,0.02669816,0.113630325,0.0071944,3.2484531e-06,1.0
1046,5,227.76888513565063,3515.6147124767303,19249,3743.383597612381,77000,440,19000,22.27134247205315,5.567835618013287,8.0,7.896103896103896,209.2,39.412688312268166,190.0,188,288,2.4,0.8,2.0,2.0,4.0,2.4,0.8,2.0,2,4,1.2795088799215706,0.14888278287098114,1.2076208056024798,1.1906946838437134,1.5766880117311612,2.4,0.8,2.0,2.0,4.0,0.006182423682805165,0.008183228862545923,0.002263733302243054,7.481614829885075e-06,0.05327394977211952,0.044625905374294214,0.03247365985813354,0.037477324691907954,0.0021080992569767693,0.19672013281566697,0.02601819,0.08705881,0.010865197,8.761883e-06,1.0
688,6,230.0344581604004,3560.7251749038696,19499,3790.75963306427,78000,445,19250,22.167806451001525,5.541951612750381,8.0,7.897435897435898,114.66666666666667,1.1055415967851334,114.5,113,116,0.0,0.0,0.0,0.0,0.0,0.0,0.0,0.0,0,0,0.0,0.0,0.0,0.0,0.0,0.0,0.0,0.0,0.0,0.0,0.006603331754398823,0.007914140903176872,0.0025929600233212113,1.0034965271188412e-05,0.03484415262937546,0.04630489391416277,0.03264311040536975,0.03932443865219151,0.0015019952314245198,0.1701463197907084,0.036232825,0.12838401,0.010069415,7.4476004e-05,1.0
958,5,233.6570587158203,3605.704073905945,19749,3839.361132621765,79000,450,19500,22.232647356571864,5.558161839142966,8.0,7.89873417721519,191.6,1.3564659966250536,192.0,190,193,2.0,0.0,2.0,2.0,2.0,2.0,0.0,2.0,2,2,1.182210791338923,0.014648947210503712,1.1787877370052762,1.1669998596352233,1.2027219028724376,2.0,0.0,2.0,2.0,2.0,0.005056010163651081,0.0073933600350685,0.0021010759519413114,1.3996594134368934e-05,0.03758153319358826,0.040482133242529854,0.027496711451194603,0.03199319854171543,0.0041880131160911315,0.1360709729772264,0.027657615,0.09049399,0.011885405,1.79708e-05,1.0
586,5,235.9672703742981,3650.7037727832794,19999,3886.6710431575775,80000,456,19750,22.222370925768107,5.555592731442027,8.0,7.9,117.2,2.0396078054371136,117.0,115,120,0.0,0.0,0.0,0.0,0.0,0.0,0.0,0.0,0,0,0.0,0.0,0.0,0.0,0.0,0.0,0.0,0.0,0.0,0.0,0.006638963309716928,0.008280181260557412,0.0023179746931418777,7.605563041579444e-06,0.037169087678194046,0.04241971216449854,0.029494066922968736,0.035641353173982884,0.002166519532098577,0.18025298002559156,0.02712145,0.09927412,0.009741634,5.2154064e-06,1.0
1053,7,239.27793526649475,3695.7703425884247,20249,3935.0482778549194,81000,462,20000,22.18939680396598,5.547349200991495,8.0,7.901234567901234,150.42857142857142,26.938327145310176,173.0,118,174,1.1428571428571428,0.989743318610787,2.0,0.0,2.0,1.1428571428571428,0.989743318610787,2.0,0,2,0.4554382309252089,0.40127460947301063,0.6993787259378935,0.0,0.8991508364827514,1.1428571428571428,0.989743318610787,2.0,0.0,2.0,0.005955047676885442,0.0075390515945589105,0.002397838863544166,1.285515281779226e-05,0.04492955654859543,0.050714443743477736,0.035332035734300805,0.04141687680346806,0.0019995505720828977,0.20999826518814382,0.033792946,0.10966263,0.011460081,5.543232e-06,1.0
584,5,241.5815601348877,3740.4940440654755,20499,3982.075604200363,82000,469,20250,22.359508872787135,5.589877218196784,8.0,7.902439024390244,116.8,1.9390719429665315,118.0,114,119,0.0,0.0,0.0,0.0,0.0,0.0,0.0,0.0,0,0,0.0,0.0,0.0,0.0,0.0,0.0,0.0,0.0,0.0,0.0,0.005490207249647937,0.007166538954684705,0.002159325871616602,2.4820563339744695e-05,0.039787210524082184,0.05003663946398045,0.0349781705594451,0.04162044366778907,0.0025188423307926874,0.2002036227761116,0.03398093,0.10804901,0.011594772,1.1950731e-05,0.9850844
821,7,243.9228138923645,3785.278680562973,20749,4029.2014944553375,83000,475,20500,22.32908600376554,5.582271500941385,8.0,7.903614457831325,117.28571428571429,2.1852940772540506,118.0,113,119,0.0,0.0,0.0,0.0,0.0,0.0,0.0,0.0,0,0,0.0,0.0,0.0,0.0,0.0,0.0,0.0,0.0,0.0,0.0,0.0066046262936215495,0.008452383902023958,0.002496193046681583,2.2395306586986408e-05,0.03744572773575783,0.057654092055630955,0.04030903238701654,0.0502563761414694,0.0020684288231993457,0.22300768070070154,0.029498298,0.08926088,0.01279363,2.6494265e-05,1.0
566,5,246.15554356575012,3830.1103224754333,20999,4076.2658660411835,84000,481,20750,22.30567423679533,5.5764185591988324,8.0,7.904761904761905,113.2,0.7483314773547882,113.0,112,114,0.0,0.0,0.0,0.0,0.0,0.0,0.0,0.0,0,0,0.0,0.0,0.0,0.0,0.0,0.0,0.0,0.0,0.0,0.0,0.00491800345187221,0.006412414430492433,0.002280520275235176,1.8856713722925633e-05,0.031078524887561798,0.05880304025863112,0.04157706880208864,0.04742104711544571,0.0028490900703250846,0.20742324443643914,0.028467085,0.07828272,0.0133591,3.6358833e-05,0.99311197
1334,6,251.51938462257385,3874.8322167396545,21249,4126.351601362228,85000,486,21000,22.360412421081836,5.590103105270459,8.0,7.905882352941177,222.33333333333334,45.78815955632586,192.0,188,287,2.6666666666666665,0.9428090415820634,2.0,2.0,4.0,2.6666666666666665,0.9428090415820634,2.0,2,4,1.313139672388541,0.16998710436216458,1.2198189955580603,1.1369510164783785,1.5926141532637992,2.6666666666666665,0.9428090415820634,2.0,2.0,4.0,0.005831142434253707,0.006666448851629745,0.003212094190530479,2.4625844162073918e-05,0.03197355568408966,0.08123521602212304,0.053386967163645084,0.06962595699042026,0.002668646081265328,0.2816815037834512,0.037674822,0.09873137,0.016246706,4.49121e-05,0.9755901
966,6,254.6240749359131,3919.3892109394073,21499,4174.01328587532,86000,491,21250,22.443165612045433,5.610791403011358,8.0,7.906976744186046,161.0,1.7320508075688772,161.0,159,163,1.0,0.0,1.0,1.0,1.0,1.0,0.0,1.0,1,1,0.7178392820896797,0.012494908704843532,0.7177667816150728,0.7034476949995692,0.7323033696543974,1.0,0.0,1.0,1.0,1.0,0.005252592949764221,0.0062226211956810445,0.0029962629778310657,3.191356881870888e-05,0.04117782041430473,0.08868647443819984,0.06473818793102272,0.07607778733040035,0.005422875426373057,0.3559287901754503,0.04309876,0.10188196,0.019757345,4.8726797e-05,1.0
947,5,258.238400220871,3963.6280522346497,21749,4221.866452455521,87000,495,21500,22.604570344104957,5.651142586026239,8.0,7.908045977011494,189.4,1.624807680927192,190.0,187,191,2.0,0.0,2.0,2.0,2.0,2.0,0.0,2.0,2,2,1.195141991802961,0.01624424301857015,1.1906946838437134,1.1787877370052762,1.2198189955580603,2.0,0.0,2.0,2.0,2.0,0.00527943167660851,0.0059723767391856196,0.003150081029161811,8.090838673524559e-05,0.03839317709207535,0.09421654427088604,0.068408099618015,0.07972538746844693,0.010468418944604783,0.40369613846432706,0.03361998,0.08417375,0.015305936,3.8444996e-06,1.0
582,5,260.55091071128845,4007.9430141448975,21999,4268.493924856186,88000,501,21750,22.565742063037874,5.6414355157594684,8.0,7.909090909090909,116.4,1.9595917942265422,117.0,113,119,0.0,0.0,0.0,0.0,0.0,0.0,0.0,0.0,0,0,0.0,0.0,0.0,0.0,0.0,0.0,0.0,0.0,0.0,0.0,0.005311790268373443,0.005884521597877993,0.0033468918409198523,4.8597903514746577e-05,0.03411754220724106,0.10489394654470452,0.07857561148308155,0.08448870555941229,0.004856211565082066,0.46885685236781277,0.04222279,0.10185881,0.018943295,8.881092e-06,0.97991395
693,5,263.87906408309937,4052.1534554958344,22249,4316.032519578934,89000,508,22000,22.619091088960786,5.654772772240197,8.0,7.910112359550562,138.6,28.513856280762866,117.0,114,174,0.8,0.9797958971132713,0.0,0.0,2.0,0.8,0.9797958971132713,0.0,0,2,0.3578620329201351,0.43829891242263563,0.0,0.0,0.8991508364827514,0.8,0.9797958971132713,0.0,0.0,2.0,0.004079488308052532,0.00455503570308853,0.002654618234373629,4.9316971853841096e-05,0.024536168202757835,0.1084689646214076,0.07650155261337153,0.09181974769274386,0.01605993601230689,0.5800657919684987,0.03707036,0.07857702,0.020180851,0.00011187792,1.0
573,5,266.1735169887543,4096.094897508621,22499,4362.2684144973755,90000,514,22250,22.75755992962184,5.68938998240546,8.0,7.911111111111111,114.6,1.624807680927192,115.0,112,117,0.0,0.0,0.0,0.0,0.0,0.0,0.0,0.0,0,0,0.0,0.0,0.0,0.0,0.0,0.0,0.0,0.0,0.0,0.0,0.004604406057158485,0.004774673075078857,0.0028508090181276202,0.000116073148092255,0.02469504065811634,0.13748463470848157,0.12499012058259446,0.09964443657738474,0.013545612976562878,0.9865861567431048,0.04233364,0.07978778,0.021589503,5.2452087e-06,0.9762217
576,5,268.28951811790466,4139.184967756271,22749,4407.474485874176,91000,520,22500,23.207202825447553,5.801800706361888,8.0,7.912087912087912,115.2,0.4,115.0,115,116,0.0,0.0,0.0,0.0,0.0,0.0,0.0,0.0,0,0,0.0,0.0,0.0,0.0,0.0,0.0,0.0,0.0,0.0,0.0,0.003710774487350136,0.0039031153920162046,0.0026780192274600267,3.433851816225797e-05,0.03243764862418175,0.12244634366422187,0.09338037394976237,0.09670911399160587,0.008195440532547529,0.7239235700736137,0.039392546,0.07454222,0.019620433,1.898408e-05,0.74832386
824,5,271.40517687797546,4182.4465618133545,22999,4453.85173869133,92000,525,22750,23.11519077823421,5.778797694558553,8.0,7.913043478260869,164.8,2.925747767665558,166.0,159,167,1.0,0.0,1.0,1.0,1.0,1.0,0.0,1.0,1,1,0.6896746340098594,0.01784968792829982,0.682554595010387,0.6757290490602831,0.7249803359578534,1.0,0.0,1.0,1.0,1.0,0.0036414296442526394,0.0036587648100639713,0.0025892320554703474,0.00011169836216140538,0.017932681366801262,0.11318161377910739,0.0737819934299418,0.09393482552315845,0.016511655910285517,0.4036243554559716,0.035732888,0.06957271,0.017746136,7.3850155e-05,1.0
958,5,274.9871220588684,4226.057437181473,23249,4501.044559240341,93000,533,23000,22.930060255819804,5.732515063954951,8.0,7.913978494623656,191.6,2.0591260281974,192.0,188,194,2.0,0.0,2.0,2.0,2.0,2.0,0.0,2.0,2,2,1.1781333963538472,0.024402380973526927,1.1787877370052762,1.1484353701801804,1.2198189955580603,2.0,0.0,2.0,2.0,2.0,0.004061756236245856,0.004240105346709485,0.002909434959292412,0.0001212250062962994,0.0352165512740612,0.1185573300705374,0.08405996498152966,0.09920170170010206,0.009736700233913244,0.5749037136488837,0.03902516,0.074371226,0.019370824,1.0967255e-05,1.0
578,5,277.2254798412323,4271.2826795578,23499,4548.508159399033,94000,538,23250,22.1115453993329,5.527886349833225,8.0,7.914893617021277,115.6,1.8547236990991407,116.0,113,118,0.0,0.0,0.0,0.0,0.0,0.0,0.0,0.0,0,0,0.0,0.0,0.0,0.0,0.0,0.0,0.0,0.0,0.0,0.0,0.003446781564387493,0.0032237259529775547,0.0025628526927903295,0.00011555445962585509,0.02114633470773697,0.11401075633293577,0.07833662840427877,0.09461958299017806,0.011089346717910712,0.5069184561504227,0.03589807,0.06205758,0.019222528,9.5278025e-05,0.49253833
823,5,280.2922992706299,4315.052849292755,23749,4595.345148563385,95000,544,23500,22.846610055555725,5.711652513888931,8.0,7.91578947368421,164.6,1.624807680927192,165.0,162,167,1.0,0.0,1.0,1.0,1.0,1.0,0.0,1.0,1,1,0.6923187332240608,0.011322093019571565,0.6894490858690777,0.6757290490602831,0.7105532272722921,1.0,0.0,1.0,1.0,1.0,0.003944192578666844,0.0041681249322644545,0.002854525111615658,0.00012858740228693932,0.033431872725486755,0.14676890604402826,0.09983002170965519,0.1288430296637136,0.0147552312143097,0.6774999097108761,0.037383102,0.064281255,0.020247355,6.198883e-05,0.5941546
680,6,282.50703477859497,4359.045734167099,23999,4641.552768945694,96000,548,23750,22.730948489881555,5.682737122470389,8.0,7.916666666666667,113.33333333333333,0.4714045207910317,113.0,113,114,0.0,0.0,0.0,0.0,0.0,0.0,0.0,0.0,0,0,0.0,0.0,0.0,0.0,0.0,0.0,0.0,0.0,0.0,0.0,0.0042672902670456096,0.003691676379650843,0.0031565268291160464,7.141388778109103e-05,0.020798813551664352,0.15412313949018422,0.11607049427285643,0.12192424318218348,0.024865821573584537,0.7801744255906641,0.042238403,0.07555777,0.020990595,2.6226044e-05,0.7704852
573,5,284.7440757751465,4403.269931793213,24249,4688.014007568359,97000,554,24000,22.61205524754419,5.653013811886048,8.0,7.917525773195877,114.6,0.8,115.0,113,115,0.0,0.0,0.0,0.0,0.0,0.0,0.0,0.0,0,0,0.0,0.0,0.0,0.0,0.0,0.0,0.0,0.0,0.0,0.0,0.00451032549131196,0.004153705936812371,0.003457255894318223,0.00016462898929603398,0.021756941452622414,0.20407506928828403,0.16728746264237757,0.15481322769244144,0.0135006573597543,1.2289477005820653,0.04183992,0.076954916,0.020702884,2.5331974e-06,0.9900537
685,6,286.97701382637024,4447.303541898727,24499,4734.280555725098,98000,559,24250,22.70992538662565,5.677481346656412,8.0,7.918367346938775,114.16666666666667,1.0671873729054748,114.5,112,115,0.0,0.0,0.0,0.0,0.0,0.0,0.0,0.0,0,0,0.0,0.0,0.0,0.0,0.0,0.0,0.0,0.0,0.0,0.0,0.004798916851519607,0.003747169474853544,0.004159977659583092,0.0002189207007177174,0.023111581802368164,0.24878361302554886,0.193483825713921,0.17751018868181997,0.03726849080069715,1.2260504136728665,0.05179703,0.087022,0.023288295,7.7694654e-05,0.9855495
694,6,289.22160935401917,4491.096857786179,24749,4780.318467140198,99000,564,24500,22.83453489957235,5.708633724893088,8.0,7.91919191919192,115.66666666666667,1.8856180831641267,117.0,113,117,0.0,0.0,0.0,0.0,0.0,0.0,0.0,0.0,0,0,0.0,0.0,0.0,0.0,0.0,0.0,0.0,0.0,0.0,0.0,0.004525435307587031,0.00393821396372087,0.003594752517528832,0.00017157716501969844,0.02316018007695675,0.22125983475909858,0.1774870978683969,0.17557388832921536,0.02647835353892659,1.2938475686268358,0.04234321,0.06781197,0.020800173,1.31726265e-05,0.4971314
582,5,291.524213552475,4534.835088253021,24999,4826.359301805496,100000,570,24750,22.86329349236216,5.71582337309054,8.0,7.92,116.4,1.8547236990991407,116.0,115,120,0.0,0.0,0.0,0.0,0.0,0.0,0.0,0.0,0,0,0.0,0.0,0.0,0.0,0.0,0.0,0.0,0.0,0.0,0.0,0.004588500531273894,0.0038521619012180696,0.0037323515862226486,0.00020942202536389232,0.02406955137848854,0.27467871693250445,0.24478214980475435,0.19951740083995495,0.022173882705737457,1.8186217839221552,0.05034224,0.084993005,0.024571016,0.00011521578,1.0
696,6,293.7954969406128,4578.551375389099,25249,4872.346872329712,101000,575,25000,22.874769691379548,5.718692422844887,8.0,7.920792079207921,116.0,1.4142135623730951,116.5,113,117,0.0,0.0,0.0,0.0,0.0,0.0,0.0,0.0,0,0,0.0,0.0,0.0,0.0,0.0,0.0,0.0,0.0,0.0,0.0,0.004547471724683419,0.0037095701552368908,0.0036686689127236605,0.0003899194998666644,0.0277600958943367,0.30122619229020214,0.24443791773930232,0.23406926585884247,0.02306153548473064,1.6875049887661413,0.045200806,0.0669121,0.02400574,5.2154064e-06,0.67521834
1186,6,298.23856019973755,4622.791621685028,25499,4921.030181884766,102000,581,25250,22.603852458480127,5.650963114620032,8.0,7.921568627450981,197.66666666666666,42.34645465941892,202.5,114,239,2.0,1.0,2.0,0.0,3.0,2.0,1.0,2.0,0,3,0.9508380089592224,0.4273115543063072,1.111176604077866,0.0,1.2148706089620582,2.0,1.0,2.0,0.0,3.0,0.00395962626527762,0.0036381901501462074,0.0030065984465181828,0.00022652740881312639,0.021078821271657944,0.21594589568445305,0.15079945776033618,0.1775054099292782,0.020699305686312765,0.8727258205630968,0.049393956,0.07676526,0.023755789,3.620982e-05,1.0
1320,6,302.7050619125366,4666.1526136398315,25749,4968.857675552368,103000,586,25500,23.062203028988165,5.765550757247041,8.0,7.922330097087379,220.0,28.071337695236398,220.5,189,249,3.0,1.0,3.0,2.0,4.0,3.0,1.0,3.0,2,4,1.3472885399794778,0.17258161755486365,1.358624281102378,1.1369510164783785,1.548365970945758,3.0,1.0,3.0,2.0,4.0,0.004339968849904835,0.004038364673789718,0.0031989088747650385,0.0002079200348816812,0.028941385447978973,0.2384377201998583,0.1746261354411877,0.18683748409915396,0.027669652714026823,0.9972437042606032,0.044505026,0.07877767,0.022455871,1.7762184e-05,1.0
1164,5,307.74162435531616,4709.48376750946,25999,5017.225391864777,104000,593,25750,23.0780837964462,5.76952094911155,8.0,7.923076923076923,232.8,48.3710657314887,195.0,191,294,2.8,0.9797958971132712,2.0,2.0,4.0,2.8,0.9797958971132712,2.0,2,4,1.316907587801571,0.1946501742966704,1.1906946838437134,1.1437765624284824,1.5843601203223794,2.8,0.9797958971132712,2.0,2.0,4.0,0.004030078380950727,0.003294218914638923,0.0031968498369678855,0.000253417732892558,0.02272040955722332,0.28845667458714946,0.21338759680507552,0.23122602192850564,0.026294685850505914,1.2827112508047338,0.045165483,0.07720638,0.022466876,3.6478043e-05,1.0
577,5,310.0045428276062,4753.33939409256,26249,5063.343936920166,105000,598,26000,22.80209126884006,5.700522817210015,8.0,7.923809523809524,115.4,2.4166091947189146,115.0,113,120,0.0,0.0,0.0,0.0,0.0,0.0,0.0,0.0,0,0,0.0,0.0,0.0,0.0,0.0,0.0,0.0,0.0,0.0,0.0,0.003914554893854074,0.003481329447035953,0.0029136203229427338,0.00025811593513935804,0.019038965925574303,0.28322775133112554,0.20299145225566612,0.23275124161852334,0.028874636233910803,1.1180470720461433,0.044309255,0.06828608,0.021349475,3.33786e-06,0.68326336
953,5,313.57378363609314,4797.445154905319,26499,5111.018938541412,106000,603,26250,22.67277520152671,5.668193800381678,8.0,7.9245283018867925,190.6,2.33238075793812,191.0,188,194,2.0,0.0,2.0,2.0,2.0,2.0,0.0,2.0,2,2,1.1928900546007963,0.024758024464382754,1.1906946838437134,1.1553298610388711,1.2198189955580603,2.0,0.0,2.0,2.0,2.0,0.003395355308777653,0.0032523958859286056,0.0025927472161129117,0.00029056999483145773,0.027755510061979294,0.23118863694711753,0.17752675847878102,0.180967329015032,0.03360928679120984,1.505563669587812,0.0461839,0.07244861,0.021211088,0.00012221932,0.9018331
957,5,317.23865580558777,4842.023061275482,26749,5159.26171708107,107000,607,26500,22.432637183457395,5.608159295864349,8.0,7.925233644859813,191.4,1.624807680927192,192.0,189,193,2.0,0.0,2.0,2.0,2.0,2.0,0.0,2.0,2,2,1.184640532556847,0.018381501847163636,1.1787877370052762,1.1669998596352233,1.2148706089620582,2.0,0.0,2.0,2.0,2.0,0.003498023142688908,0.003088434080693906,0.0026847138069570065,0.0002742379147093743,0.018517203629016876,0.2436369724509625,0.18344101332994106,0.2030653296003434,0.023609873378439554,1.2010150566174613,0.04199212,0.07106039,0.019887567,2.2530556e-05,0.87885594
952,5,320.8824326992035,4886.616564512253,26999,5207.498997211456,108000,613,26750,22.424791223296992,5.606197805824248,8.0,7.925925925925926,190.4,2.0591260281974,190.0,188,194,2.0,0.0,2.0,2.0,2.0,2.0,0.0,2.0,2,2,1.1924517447635488,0.02560126721823672,1.195544597546455,1.1484353701801804,1.2198189955580603,2.0,0.0,2.0,2.0,2.0,0.00443933258485049,0.00388937570445183,0.00351769698318094,0.00038775871507823467,0.02241476997733116,0.34286754225029936,0.295385005611639,0.27232595481501476,0.027402871311801746,3.1995074354046915,0.0533248,0.08231216,0.027638793,0.00012496114,0.890219
955,5,324.57044553756714,4931.293409824371,27249,5255.8638553619385,109000,618,27000,22.382959070047665,5.595739767511916,8.0,7.926605504587156,191.0,2.280350850198276,190.0,189,195,2.0,0.0,2.0,2.0,2.0,2.0,0.0,2.0,2,2,1.1867980184008462,0.02954221279024396,1.195544597546455,1.1369510164783785,1.2148706089620582,2.0,0.0,2.0,2.0,2.0,0.003743686499539763,0.0034814094840922554,0.0026091247564181685,0.00047513365279883146,0.022213026881217957,0.27047721072876185,0.21583343642446523,0.19554241910129086,0.024901731316191278,1.1557468118303378,0.051933695,0.07961145,0.024511948,3.516674e-06,0.9342151
641,5,327.88467288017273,4976.111141204834,27499,5303.995814085007,110000,623,27250,22.312597474220418,5.5781493685551045,8.0,7.927272727272728,128.2,23.016515809305282,118.0,113,174,0.4,0.8,0.0,0.0,2.0,0.4,0.8,0.0,0,2,0.1398757451875787,0.2797514903751574,0.0,0.0,0.6993787259378935,0.4,0.8,0.0,0.0,2.0,0.003940253754029982,0.003607871112851118,0.0030106097692623734,0.00034804808092303574,0.01877359300851822,0.3050763515012827,0.22246552639563413,0.26129546148428473,0.032790331106100315,2.04658402764649,0.047536973,0.07198946,0.023705944,7.6681376e-05,0.99686474
948,5,331.48477935791016,5021.029745101929,27749,5352.514524459839,111000,628,27500,22.262490666248837,5.565622666562209,8.0,7.927927927927928,189.6,1.3564659966250536,190.0,188,191,2.0,0.0,2.0,2.0,2.0,2.0,0.0,2.0,2,2,1.2028922326403824,0.020271617472611064,1.1906946838437134,1.1787877370052762,1.2271420292546042,2.0,0.0,2.0,2.0,2.0,0.0035622881341259927,0.003179810382113032,0.0026892985915765166,0.000488799181766808,0.019146036356687546,0.27236522079587394,0.2093597501238037,0.21331740508193303,0.03720946091620727,0.9373535912778065,0.044865012,0.067375585,0.024394184,8.276105e-05,0.88642716
1150,6,335.13936948776245,5065.631461143494,27999,5400.770830631256,112000,633,27750,22.420662000271168,5.605165500067792,8.0,7.928571428571429,191.66666666666666,1.3743685418725535,192.0,190,193,2.0,0.0,2.0,2.0,2.0,2.0,0.0,2.0,2,2,1.1781189655648459,0.014209742953072348,1.175294505603107,1.1600357274547277,1.195544597546455,2.0,0.0,2.0,2.0,2.0,0.003341552140656859,0.0030981634969760967,0.0025097072357311845,0.0003403727023396641,0.019437506794929504,0.23049939497144584,0.16395418731896774,0.1825863838432569,0.021292204524977026,0.818317779269993,0.044369582,0.07466102,0.022012673,8.922815e-05,0.96356046
953,5,338.74996066093445,5110.617530822754,28249,5449.367491483688,113000,638,28000,22.229103523151878,5.557275880787969,8.0,7.929203539823009,190.6,14.430523206037957,199.0,162,199,1.8,0.4000000000000001,2.0,1.0,2.0,1.8,0.4000000000000001,2.0,1,2,0.6678795082349706,0.05649330154831654,0.6864388221561044,0.5582661385478638,0.7218149361586758,1.8,0.4000000000000001,2.0,1.0,2.0,0.003466601464955602,0.002994443958689908,0.002642987295985222,0.0001916031033033505,0.019935719668865204,0.27025960843086655,0.2083011043943247,0.2140119740389047,0.027866427893971927,1.0424301722265321,0.040859982,0.06432089,0.021462768,1.7344952e-05,0.97421753
631,5,341.8058707714081,5155.605762004852,28499,5497.41163277626,114000,644,28250,22.22803550449251,5.5570088761231275,8.0,7.9298245614035086,126.2,18.059900331950896,119.0,113,162,0.2,0.4,0.0,0.0,1.0,0.2,0.4,0.0,0,1,0.14211064545445842,0.28422129090891685,0.0,0.0,0.7105532272722921,0.2,0.4,0.0,0.0,1.0,0.003526428926968947,0.0028691789459490196,0.0028177847852930427,0.0004379311576485634,0.02065795660018921,0.31718789552302695,0.2172339715688805,0.25605489873041487,0.04386100248944305,1.0818552361267988,0.048388854,0.07807077,0.023798205,2.5004148e-05,0.9887111
837,5,345.7596685886383,5200.7037127017975,28749,5546.463381290436,115000,649,28500,22.17395656667249,5.543489141668123,8.0,7.930434782608696,167.4,21.87784267243916,161.0,144,209,1.2,0.4,1.0,1.0,2.0,1.2,0.4,1.0,1,2,0.7586962035557674,0.22742453103835886,0.7249803359578534,0.4342313267918117,1.1464956766257417,1.2,0.4,1.0,1.0,2.0,0.003651616903487593,0.003048436311546628,0.0028594810282811522,0.0002835087652783841,0.01932528242468834,0.26663222094503,0.21044958059310412,0.21273145216739003,0.02829337995574185,1.7447389022438904,0.045170907,0.07004824,0.022913545,3.990531e-05,1.0
684,6,347.9784963130951,5246.054526567459,28999,5594.033022880554,116000,653,28750,22.0503209261515,5.512580231537875,8.0,7.931034482758621,114.0,1.632993161855452,114.0,112,116,0.0,0.0,0.0,0.0,0.0,0.0,0.0,0.0,0,0,0.0,0.0,0.0,0.0,0.0,0.0,0.0,0.0,0.0,0.0,0.0036069500563899056,0.002661471681718329,0.0029234352987259626,0.00043975620064884424,0.016769912093877792,0.2631794205677238,0.2166686267232292,0.19484208892105498,0.03752373175698784,1.116573255507746,0.046610497,0.074976206,0.02231808,4.74602e-05,0.9801713
827,5,351.5132215023041,5290.113990545273,29249,5641.627212047577,117000,659,29000,22.6965993164046,5.67414982910115,8.0,7.931623931623932,165.4,15.957443404254956,164.0,143,193,1.2,0.4,1.0,1.0,2.0,1.2,0.4,1.0,1,2,0.8082190700266171,0.18200319442320234,0.7034476949995692,0.6964132180495735,1.1669998596352233,1.2,0.4,1.0,1.0,2.0,0.0038352980960626153,0.0028993916642669646,0.0031703540589660406,0.00027765147387981415,0.020537089556455612,0.3212011257067387,0.24534259272498196,0.28157553345622177,0.03934775149887416,1.7576333612279964,0.047391754,0.06404285,0.025353909,5.6922436e-05,0.72802585
583,5,353.79782581329346,5334.541776180267,29499,5688.339601993561,118000,663,29250,22.50843668454924,5.62710917113731,8.0,7.932203389830509,116.6,1.3564659966250536,117.0,115,118,0.0,0.0,0.0,0.0,0.0,0.0,0.0,0.0,0,0,0.0,0.0,0.0,0.0,0.0,0.0,0.0,0.0,0.0,0.0,0.004572477230569348,0.0033548857442116295,0.0037039935123175383,0.0005499841063283384,0.01849248819053173,0.3698597471071618,0.2587798456242071,0.294122304999337,0.04165472296272021,1.2930590642865178,0.05584785,0.08333303,0.029497758,2.2619963e-05,0.98072934
962,5,357.42327904701233,5379.178725242615,29749,5736.602004289627,119000,668,29500,22.402964830845253,5.600741207711313,8.0,7.932773109243698,192.4,1.3564659966250536,193.0,190,194,2.0,0.0,2.0,2.0,2.0,2.0,0.0,2.0,2,2,1.171368122211308,0.01666096397687104,1.1669998596352233,1.1553298610388711,1.2027219028724376,2.0,0.0,2.0,2.0,2.0,0.0043566481485031545,0.003281849034309831,0.003369724960066378,0.0005075880326330662,0.021707618609070778,0.32423211358153586,0.23137252960907778,0.262327880953172,0.038284553947234026,1.249108074786433,0.046982635,0.06548445,0.02464804,4.4375658e-05,0.6489152
961,5,361.02098631858826,5423.700927019119,29999,5784.7219133377075,120000,672,29750,22.460704100391663,5.615176025097916,8.0,7.933333333333334,192.2,1.1661903789690602,193.0,190,193,2.0,0.0,2.0,2.0,2.0,2.0,0.0,2.0,2,2,1.1723092954944794,0.0158411294858155,1.1669998596352233,1.1600357274547277,1.2027219028724376,2.0,0.0,2.0,2.0,2.0,0.005397340118419379,0.00448992677106709,0.004138667834922671,0.000977466581389308,0.042562298476696014,0.4094294344229048,0.291168613379026,0.32430677938232144,0.04525735520889459,1.995625858369457,0.05748734,0.073623,0.034278765,3.516674e-06,0.717962
958,5,364.6264581680298,5468.075961589813,30249,5832.702419757843,121000,677,30000,22.53519371138512,5.63379842784628,8.0,7.933884297520661,191.6,0.4898979485566356,192.0,191,192,2.0,0.0,2.0,2.0,2.0,2.0,0.0,2.0,2,2,1.1807225138961073,0.0062545347184066674,1.1787877370052762,1.1717532600552805,1.1906946838437134,2.0,0.0,2.0,2.0,2.0,0.005633511769352481,0.0042910452645529016,0.00438217050395906,0.0006426224135793746,0.023668451234698296,0.4279355675996098,0.3206457176610837,0.3272578347144709,0.027768180431164483,1.906658828326025,0.06469367,0.09375266,0.034822077,8.46386e-06,0.9801787
1051,5,369.9288401603699,5512.873975276947,30499,5882.802815437317,122000,682,30250,22.32241828809488,5.58060457202372,8.0,7.934426229508197,210.2,38.446846424641905,193.0,188,287,2.4,0.8,2.0,2.0,4.0,2.4,0.8,2.0,2,4,1.2670453013207505,0.16447796125768455,1.2027219028724376,1.1600357274547277,1.5926141532637992,2.4,0.8,2.0,2.0,4.0,0.00535404468071647,0.004159293882291809,0.004115109099075198,0.0009159083128906786,0.02637753076851368,0.4184527748821349,0.2970483846504132,0.33649731390530996,0.04077347121475258,1.7733513526299662,0.06267037,0.08108426,0.037236698,0.00014194846,0.9668271
960,5,373.54718351364136,5558.033791303635,30749,5931.580974817276,123000,686,30500,22.143580022758297,5.535895005689574,8.0,7.934959349593496,192.0,1.6733200530681511,191.0,190,194,2.0,0.0,2.0,2.0,2.0,2.0,0.0,2.0,2,2,1.1733398346643038,0.02068697892022047,1.1835891515709904,1.1484353701801804,1.195544597546455,2.0,0.0,2.0,2.0,2.0,0.00599064805614762,0.004477762581412242,0.0049561436753720045,0.0007968472200445831,0.03205898031592369,0.3918805435907127,0.28083901397594463,0.3249086636065195,0.04569521584248942,1.6062729960177728,0.064494506,0.09121314,0.03744933,1.7523766e-05,0.8896157
1443,6,378.8697335720062,5603.415560722351,30999,5982.285294294357,124000,691,30750,22.03528008732904,5.50882002183226,8.0,7.935483870967742,240.5,48.17589300331304,241.0,191,289,3.0,1.0,3.0,2.0,4.0,3.0,1.0,3.0,2,4,1.352251818845218,0.18746190434808113,1.327856569745418,1.1484353701801804,1.5766880117311612,3.0,1.0,3.0,2.0,4.0,0.00591974670230411,0.004303423961580004,0.004731683060526848,0.0006581991910934448,0.023615073412656784,0.3701880673691319,0.249385795930343,0.313969327659099,0.07722114593413718,1.4238725603150437,0.062179122,0.079508096,0.037559614,0.00012390316,1.0
1241,6,383.2899217605591,5648.857913732529,31249,6032.147835493088,125000,696,31000,22.005902726384623,5.501475681596156,8.0,7.936,206.83333333333334,22.07122309453848,192.5,189,238,2.3333333333333335,0.4714045207910317,2.0,2.0,3.0,2.3333333333333335,0.4714045207910317,2.0,2,3,1.0806310845535363,0.1495543375049864,1.1728937983202496,0.8698417106172626,1.2076208056024798,2.3333333333333335,0.4714045207910317,2.0,2.0,3.0,0.005923351815668866,0.0043284951481792,0.004718382144346833,0.0005963992443867028,0.030837159603834152,0.4482230223936846,0.33908548829377677,0.34687005922761194,0.04079831299555429,1.9314933859260428,0.066747054,0.09076214,0.03992874,3.3438206e-05,1.0
957,5,386.89580059051514,5696.212944507599,31499,6083.108745098114,126000,701,31250,21.117080564256433,5.279270141064108,8.0,7.936507936507937,191.4,1.3564659966250536,191.0,190,193,2.0,0.0,2.0,2.0,2.0,2.0,0.0,2.0,2,2,1.1817782478159669,0.016263864198376346,1.1835891515709904,1.1600357274547277,1.2027219028724376,2.0,0.0,2.0,2.0,2.0,0.0059979568752460185,0.004163176833731242,0.004824759671464562,0.0009441626025363803,0.023727165535092354,0.39000777785960117,0.27898650042733686,0.32053262750513845,0.048642827821923126,1.9700327337857486,0.067931525,0.09577994,0.038231343,2.1100044e-05,0.97546965
1152,6,390.55487966537476,5743.510966539383,31749,6134.065846204758,127000,704,31500,21.14253317671518,5.285633294178795,8.0,7.937007874015748,192.0,2.449489742783178,192.0,189,195,2.0,0.0,2.0,2.0,2.0,2.0,0.0,2.0,2,2,1.1756614869219746,0.030483058750645962,1.1787877370052762,1.1369510164783785,1.2148706089620582,2.0,0.0,2.0,2.0,2.0,0.0054474394870921965,0.0036858703952291154,0.004404568346217275,0.0008050646283663809,0.020981626585125923,0.3898494347909709,0.2596788543194919,0.33005524832409694,0.05375175025271991,1.4641434167681604,0.056670297,0.07071529,0.032605574,4.6938658e-05,0.5830289
1546,6,395.5527756214142,5790.050392627716,31999,6185.60316824913,128000,708,31750,21.487157965849686,5.371789491462422,8.0,7.9375,257.6666666666667,44.67910274638718,288.5,194,290,3.3333333333333335,0.9428090415820635,4.0,2.0,4.0,3.3333333333333335,0.9428090415820635,4.0,2,4,1.3903869223372978,0.17532675729688113,1.4797084079555574,1.1369510164783785,1.5453119202977113,3.3333333333333335,0.9428090415820635,4.0,2.0,4.0,0.005927596242167056,0.004287935683108183,0.004802984418347478,0.0011179223656654358,0.03815583884716034,0.3918270816927913,0.26304194006318793,0.31420908461753927,0.06579452444370994,1.5735640403754905,0.06541211,0.08301044,0.03583862,2.554059e-05,0.90794003
1931,7,400.56783843040466,5835.551169633865,32249,6236.11900806427,129000,712,32000,21.977646664470214,5.4944116661175535,8.0,7.937984496124031,275.85714285714283,34.65927446041606,290.0,191,291,3.7142857142857144,0.6998542122237653,4.0,2.0,4.0,3.7142857142857144,0.6998542122237653,4.0,2,4,1.4698759985288075,0.12443693427361698,1.5298588010947338,1.1906946838437134,1.5766880117311612,3.7142857142857144,0.6998542122237653,4.0,2.0,4.0,0.00682073183869943,0.004883607798550703,0.0055250192526727915,0.0008267131634056568,0.03579298034310341,0.45685908758433574,0.288797393254661,0.39523079305693476,0.06311169117492499,1.6246945072054102,0.0679991,0.0823793,0.03908938,0.0001835227,0.81770086
1047,5,405.8187334537506,5880.946642875671,32499,6286.765376329422,130000,717,32250,22.028628155793086,5.507157038948272,8.0,7.938461538461539,209.4,38.83091551843711,189.0,189,287,2.4,0.8,2.0,2.0,4.0,2.4,0.8,2.0,2,4,1.2780023808490246,0.15863259818358713,1.2148706089620582,1.1600357274547277,1.5926141532637992,2.4,0.8,2.0,2.0,4.0,0.006857648573815823,0.004838105374661568,0.005623106611892581,0.0005726017407141626,0.0467972457408905,0.4169041318590155,0.2672785899375303,0.3386419025873947,0.036358659436656046,1.6742034770489944,0.07346669,0.08655581,0.044458047,7.866323e-05,0.6608839
1152,5,411.15390396118164,5927.647748947144,32749,6338.801652908325,131000,721,32500,21.412769078093845,5.353192269523461,8.0,7.938931297709924,230.4,46.63303550059764,194.0,191,288,2.8,0.9797958971132712,2.0,2.0,4.0,2.8,0.9797958971132712,2.0,2,4,1.3013851572182802,0.15835322603238777,1.1906946838437134,1.1484353701801804,1.5020140678704679,2.8,0.9797958971132712,2.0,2.0,4.0,0.007282223902642727,0.004951071101876125,0.005665885051712394,0.0015806276351213455,0.030610430985689163,0.4217527810389351,0.2723244365676788,0.36141332609627763,0.06989022816382875,1.4797910347589072,0.070791,0.09347824,0.041128114,1.1727214e-05,0.90869313
957,5,414.81605792045593,5974.1395671367645,32999,6388.9556250572205,132000,727,32750,21.50916094357532,5.37729023589383,8.0,7.9393939393939394,191.4,2.727636339397171,191.0,188,195,2.0,0.0,2.0,2.0,2.0,2.0,0.0,2.0,2,2,1.1834481816943214,0.029407961414465857,1.1906946838437134,1.1437765624284824,1.2198189955580603,2.0,0.0,2.0,2.0,2.0,0.007845613859593868,0.004872299193221124,0.006546038435772061,0.00187170528806746,0.02812148444354534,0.48781895320092067,0.3090553683337055,0.4066864902710722,0.08970130354278848,1.4931627449803402,0.08044366,0.095013246,0.05086533,1.2993813e-05,1.0
1146,5,420.13240337371826,6020.43149471283,33249,6440.563898086548,133000,732,33000,21.602038462469284,5.400509615617321,8.0,7.93984962406015,229.2,47.21186291600873,193.0,189,287,2.8,0.9797958971132712,2.0,2.0,4.0,2.8,0.9797958971132712,2.0,2,4,1.332958696783685,0.17783994592654764,1.2076208056024798,1.1669998596352233,1.5926141532637992,2.8,0.9797958971132712,2.0,2.0,4.0,0.009105438849888741,0.006292289242072185,0.007330256514251232,0.0014639908913522959,0.04105482995510101,0.5059373781015677,0.36713379910953997,0.3995565743812213,0.06824500543984814,2.1241727092517073,0.084829345,0.09249842,0.052707694,3.0264258e-05,0.6989348
949,5,423.81871914863586,6069.789221763611,33499,6493.607940912247,134000,736,33250,20.260252239151107,5.065063059787777,8.0,7.940298507462686,189.8,1.469693845669907,189.0,188,192,2.0,0.0,2.0,2.0,2.0,2.0,0.0,2.0,2,2,1.2038085268662333,0.01611885375829797,1.2148706089620582,1.1787877370052762,1.2198189955580603,2.0,0.0,2.0,2.0,2.0,0.009000599957071245,0.005772606194667911,0.007236885372549295,0.0019424266647547483,0.040251024067401886,0.4895968025623632,0.3059093575688944,0.4019827797415926,0.08320686258493652,1.4956852583977673,0.09310425,0.113870434,0.056339547,2.527237e-05,1.0
945,5,427.38594913482666,6119.324604034424,33749,6546.7105531692505,135000,741,33500,20.187590246764188,5.046897561691047,8.0,7.940740740740741,189.0,0.6324555320336759,189.0,188,190,2.0,0.0,2.0,2.0,2.0,2.0,0.0,2.0,2,2,1.2090806630475874,0.005694544184579803,1.2076208056024798,1.2027219028724376,1.2198189955580603,2.0,0.0,2.0,2.0,2.0,0.009681916323490442,0.005479050058810543,0.007871776819229126,0.002059138612821698,0.033082298934459686,0.5347287347996358,0.36090796120486546,0.4394759955778905,0.07726393609315144,2.042698470901547,0.08705992,0.09434186,0.055508368,2.5451183e-05,0.99797726
